nflId_t,displayName_t,defensiveTeam,position_t,posgroup_t,nflId_t|count,overall_metric|mean,overall_metric|min,overall_metric|max,vision_metric|mean,tackle_gap_metric|mean,drive_metric|mean
33131,Calais Campbell,BAL,DE,DL,4,0.8118308434359669,0.7671612343959406,0.8434446085490467,0.9087206912720858,1.0,0.5267718390358147
35449,Tyson Alualu,PIT,NT,DL,1,0.5039647031718746,0.5039647031718746,0.5039647031718746,0.9515,0.0,0.5603941095156237
35452,Brandon Graham,PHI,DE,DL,2,0.5800916865326464,0.49751617461425596,0.6626671984510369,0.9271913098109441,0.28133064851828815,0.5317531012687071
35454,Jason Pierre-Paul,BAL,DE,DL,1,0.788514800456375,0.788514800456375,0.788514800456375,0.9515,0.9325079745019398,0.4815364268671851
35459,Kareem Jackson,DEN,SS,DB,15,0.7372743487279304,0.42378736080201146,0.8893811458682966,0.9364316399452737,0.7773187282245394,0.49807267801397814
35466,Devin McCourty,NE,FS,DB,11,0.7475626416695946,0.4271764250249804,0.8694076663674433,0.9301902104071021,0.7552375093330436,0.5572602052686383
35470,Jerry Hughes,HOU,DE,DL,1,0.6786734770043669,0.6786734770043669,0.6786734770043669,0.7992585475889963,0.6799725276798623,0.5567893557442418
35493,Carlos Dunlap,KC,OLB,LB,1,0.8525280735455109,0.8525280735455109,0.8525280735455109,0.9618489747912092,1.0,0.5957352458453229
35562,Al Woods,SEA,NT,DL,6,0.7892045559269717,0.4994596358722368,0.963062143430706,0.9690627237601155,0.6666666666666666,0.7318842773541329
37075,Von Miller,BUF,OLB,LB,4,0.6819441775020982,0.5443661633572576,0.8524166017942304,0.9416374490757766,0.5138926225569818,0.5903024608735364
37078,Patrick Peterson,MIN,CB,DB,8,0.7401316053668989,0.3752738290559961,0.8900120721059662,0.9223213430790493,0.75,0.5480734730216472
37084,J.J. Watt,ARI,DE,DL,3,0.8223084784973813,0.7783039343610022,0.8473742259131297,0.9648698831783061,0.9763575753542414,0.5256979769595963
37097,Cameron Jordan,NO,DE,DL,7,0.7547479443429779,0.486631743240382,0.8762587320134009,0.9393317983977738,0.7350074846678496,0.5899045499633102
37104,Cameron Heyward,PIT,DT,DL,8,0.809379119403182,0.47619110240103585,0.972579245271416,0.9412482734252944,0.875,0.6118890847842515
37308,Lawrence Guy,NE,DT,DL,3,0.8300664867428923,0.8213439247428211,0.8458194390526378,0.9635825515662498,1.0,0.526616908662427
37724,Chris Harris,NO,CB,DB,8,0.7888524933592181,0.6784577818264282,0.8362027157427897,0.9317730184461012,0.9543102888070532,0.4804741728245001
37778,Josh Bynes,BAL,ILB,LB,7,0.7841370432973832,0.49086708660144845,0.8997538824640813,0.9311604745290237,0.8410091446327856,0.5802415107303406
38540,Stephon Gilmore,IND,CB,DB,10,0.7118682387010168,0.46235447686404435,0.8644613907056579,0.9539160288165691,0.6503753522232282,0.5313133350632528
38542,Fletcher Cox,PHI,DT,DL,1,0.8771449972402485,0.8771449972402485,0.8771449972402485,0.8863000670836584,1.0,0.7451349246370871
38544,Michael Brockers,DET,DE,DL,1,0.8122484907246376,0.8122484907246376,0.8122484907246376,0.9127282082298628,1.0,0.5240172639440499
38548,Melvin Ingram,MIA,OLB,LB,5,0.8069405846510813,0.7525082592531925,0.8451081227459195,0.9324390093884144,1.0,0.48838274456482933
38551,Chandler Jones,LV,DE,DL,1,0.4633379630655407,0.4633379630655407,0.4633379630655407,0.9515,0.0,0.438513889196622
38559,Harrison Smith,MIN,SS,DB,17,0.7468309047902885,0.4159200469320489,0.8608915460607994,0.9370745802514073,0.7906664301409402,0.512751703978518
38577,Bobby Wagner,LA,ILB,LB,15,0.7879044436448432,0.5032198361055543,0.9367960470798525,0.9009002573957577,0.9262361223921267,0.5365769511466454
38588,Lavonte David,TB,ILB,LB,19,0.7451700410236611,0.45832159730697736,0.8905140566051619,0.9612249043221524,0.7442140090444083,0.5300712097044225
38589,Vinny Curry,NYJ,DE,DL,2,0.8018669727777863,0.7366228212219753,0.8671111243335972,0.825604279856591,1.0,0.5799966384767677
38592,Casey Hayward,ATL,CB,DB,6,0.7496831537653899,0.5598758820939714,0.871119034946183,0.9514999999999999,0.7974275942052708,0.500121867090899
38607,Demario Davis,NO,MLB,LB,16,0.798616408133385,0.41253929760349634,0.9669203537552894,0.9666551181714059,0.8573266580432419,0.5718674481855069
38619,Akiem Hicks,TB,DT,DL,1,0.8932610971734839,0.8932610971734839,0.8932610971734839,0.9952245358159648,1.0,0.684558755704487
38707,Justin Bethel,MIA,FS,DB,2,0.705427178713957,0.5693117771298966,0.8415425802980175,0.9621940660241931,0.6334693801780464,0.5206180899396317
38843,Rodney McLeod,IND,FS,DB,13,0.8030853403649769,0.42212978538367985,0.9092939542003075,0.9387765669226595,0.8954880529865773,0.5749914011856935
38852,Michael Thomas,CIN,SS,DB,1,0.8028471829831726,0.8028471829831726,0.8028471829831726,0.9515,1.0,0.4570415489495179
38868,Tashaun Gipson,SF,FS,DB,12,0.6925880573739565,0.4591534075382174,0.8701817775387456,0.9304334063044536,0.619041050668168,0.5282897151492478
39908,Erik Harris,ATL,FS,DB,1,0.6955539211861312,0.6955539211861312,0.6955539211861312,0.9689895902604688,0.5709458276139481,0.5467263456839768
39984,Darius Slay,PHI,CB,DB,7,0.7477319892568268,0.4779623968009033,0.8765999169013504,0.9515,0.7874272796720746,0.5042686880984057
39997,Johnathan Hankins,DAL,NT,DL,2,0.859990502167765,0.8534747166134667,0.8665062877220632,0.9515,1.0,0.6284715065032949
39998,Jon Bostic,WAS,OLB,LB,2,0.7877890528158767,0.7580626463037096,0.8175154593280439,0.9425510469240754,1.0,0.4208161115235548
40017,Tyrann Mathieu,NO,FS,DB,16,0.7244919490845713,0.4575673630430381,0.8434432670978715,0.8730425767113649,0.8219588994105429,0.47847437113180624
40030,John Jenkins,MIA,NT,DL,1,0.8710960199964152,0.8710960199964152,0.8710960199964152,0.9862058723236194,1.0,0.627082187665626
40031,Logan Ryan,TB,FS,DB,4,0.667793333442919,0.5180561832284138,0.8310403260812156,0.9584592774458691,0.5424242270313668,0.5024964958515212
40039,Duron Harmon,LV,SS,DB,8,0.7162084445553072,0.4723846706393629,0.8223879260473472,0.883560556213052,0.7010905246641281,0.5639742527887412
40074,William Gholston,TB,DE,DL,6,0.7271732472973881,0.5205828099946948,0.8838245693763443,0.9355938899830799,0.6407527811476108,0.6051730707614736
40096,A.J. Klein,BAL,OLB,LB,2,0.8698449487790783,0.8388846423322992,0.9008052552258574,0.9704474128167195,1.0,0.6390874335205156
40166,Jordan Poyer,BUF,SS,DB,6,0.6434978181882575,0.45244319890932355,0.9070835469160862,0.9290160392329961,0.43254374074510754,0.5689336745866687
40171,Nicholas Williams,NYG,DT,DL,1,0.8371663537770543,0.8371663537770543,0.8371663537770543,0.9153291061246128,1.0,0.5961699552065501
40347,Mike Purcell,DEN,NT,DL,5,0.7673748130594241,0.490709179192375,0.852973895095596,0.9810553131571809,0.8,0.5210691260210913
40737,Tony Jefferson,NYG,SS,DB,1,0.8001093129176718,0.8001093129176718,0.8001093129176718,0.9515,1.0,0.4488279387530154
41227,Jadeveon Clowney,CLE,DE,DL,1,0.7548848604553077,0.7548848604553077,0.7548848604553077,0.9515,1.0,0.3131545813659231
41231,Khalil Mack,LAC,OLB,LB,3,0.8327181909295275,0.7460514493213815,0.9098498861905119,0.9345273529547811,0.9753142474881837,0.5883129723456174
41235,Anthony Barr,DAL,OLB,LB,9,0.7351395047345374,0.41497008455141887,0.8654729560162338,0.9479543262980668,0.7777777777777778,0.4796864101277676
41239,Aaron Donald,LA,DT,DL,4,0.7553821325121772,0.45196727761607886,0.9101010854245691,0.960858962164656,0.75,0.5552874353718757
41240,Kyle Fuller,BAL,CB,DB,2,0.8277635080867567,0.8261920742582709,0.8293349419152425,0.9515,1.0,0.5317905242602701
41243,C.J. Mosley,NYJ,ILB,LB,24,0.7454465098556272,0.45934283653396574,0.8851458975320909,0.9311503600446623,0.7699841858907431,0.5352049836314762
41256,Jimmie Ward,SF,FS,DB,1,0.6889277152355434,0.6889277152355434,0.6889277152355434,0.9515,0.5904843546071592,0.524798791099471
41257,Bradley Roby,NO,CB,DB,10,0.6740274898740996,0.47112201438464635,0.8582383347585338,0.9275655570573825,0.5530282062915429,0.5414887062733733
41263,Demarcus Lawrence,DAL,DE,DL,4,0.6906514454489744,0.42632616598858464,0.876297222839303,0.9388631839921535,0.6700575242407005,0.4630336281140691
41269,Kyle Van Noy,LAC,OLB,LB,3,0.8145106860196094,0.7831018372205915,0.8624947658836737,0.9789320079228433,0.9813211226801574,0.48327892745582757
41270,Lamarcus Joyner,NYJ,SS,DB,7,0.7955983405953061,0.5431859655238784,0.863453259316404,0.9505773726686888,0.8571428571428571,0.5790747919743723
41300,Christian Kirksey,HOU,OLB,LB,19,0.7350165263846451,0.48467257104303063,0.881452513083771,0.9196256118724075,0.7546495429206507,0.530774424360877
41341,DaQuan Jones,BUF,DT,DL,2,0.8765073527643759,0.8326273526678584,0.9203873528608933,0.9515,1.0,0.6780220582931277
41403,Devon Kennard,BAL,OLB,LB,2,0.8205967608496765,0.8013719786434127,0.8398215430559403,0.9820417119091069,1.0,0.4797485706399226
41464,Shelby Harris,SEA,DE,DL,1,0.4077196783955512,0.4077196783955512,0.4077196783955512,0.8859632686790672,0.0,0.3371957665075862
41483,Terrance Mitchell,TEN,CB,DB,6,0.8279575696867255,0.7785968229877674,0.8713903315623036,0.9514999999999999,0.9890838124139395,0.5432888966462373
41595,Mike Pennel,CHI,NT,DL,3,0.8555425691701638,0.8491604757101094,0.8601946690864093,0.9102126354711082,1.0,0.6564150720393834
41599,Joe Thomas,CHI,ILB,LB,3,0.6911778778254498,0.6477638723369389,0.7282276398218225,0.8205251717532951,0.6542739631757214,0.5987344985473327
41786,Kerry Hyder,SF,DE,DL,1,0.461077137380729,0.461077137380729,0.461077137380729,0.8947092888396093,0.0,0.4885221233025776
41915,Shaquil Barrett,TB,OLB,LB,5,0.8344767551341349,0.7827169184915267,0.8837235442990486,0.9654918159250411,1.0,0.5379384494773637
41947,Christian Jones,SEA,ILB,LB,1,0.8195274869969071,0.8195274869969071,0.8195274869969071,0.9868114501523598,1.0,0.4717710108383616
42030,K'Waun Williams,DEN,CB,DB,11,0.6783281931373237,0.43427292301566095,0.8710490187773546,0.9024331779402659,0.6032838265661389,0.5292675749055662
42031,Denico Autry,TEN,DE,DL,1,0.47105441804439224,0.47105441804439224,0.47105441804439224,0.9515,0.0,0.4616632541331767
42116,Adrian Phillips,NE,SS,DB,11,0.7747706989098249,0.49487872030037633,0.8355454334523396,0.9531586655425361,0.8731314537521148,0.49802197743482385
42331,Efe Obada,WAS,DE,DL,1,0.7845092150729677,0.7845092150729677,0.7845092150729677,0.9624044653101312,1.0,0.3911231799087716
42346,Dante Fowler,DAL,OLB,LB,2,0.869012394099899,0.8632532838421031,0.874771504357695,0.9711811789403808,1.0,0.6358560033593164
42349,Leonard Williams,NYG,DT,DL,1,0.5934765868718069,0.5934765868718069,0.5934765868718069,0.9515,0.2938650879875865,0.5350646726278341
42360,Arik Armstead,SF,DT,DL,1,0.5128612537052013,0.5128612537052013,0.5128612537052013,0.9941675083169068,0.0,0.5444162527986971
42361,Marcus Peters,BAL,CB,DB,4,0.7963892221356995,0.7307986574849026,0.8574712358870106,0.9515,0.9272408222604476,0.5104268441466511
42368,Shaq Thompson,CAR,ILB,LB,21,0.6821039753376384,0.38462153197077303,0.8859578624261903,0.9371382699878107,0.5639484516005249,0.5452252044245798
42381,Preston Smith,GB,OLB,LB,6,0.6409243706721127,0.4597970881615916,0.8006728462524434,0.86150661883147,0.5641378909027063,0.4971286022821617
42388,Eric Kendricks,MIN,ILB,LB,14,0.792300560666986,0.4633110719568239,0.8655675588806303,0.9604630659082202,0.8718542955071772,0.5445843205855604
42390,Eric Rowe,MIA,SS,DB,8,0.7773295802302774,0.4868768346242352,0.8807894679772731,0.8927873959339139,0.875,0.5642013447569184
42391,Denzel Perryman,LV,ILB,LB,19,0.7713040253084019,0.43230301453669395,0.8914262374299352,0.9524493686013005,0.8054735438905886,0.5559891634333168
42393,Ronald Darby,DEN,CB,DB,6,0.6652640053543778,0.46566129107039367,0.8825626983745547,0.8809562733244117,0.6261811794589784,0.48865456327974344
42401,Markus Golden,ARI,OLB,LB,5,0.7329779945977182,0.5913082574322165,0.8431000892953023,0.9315494181884627,0.708961624526253,0.5584229410784392
42403,Randy Gregory,DEN,DE,DL,2,0.5259481377333632,0.5011649541611998,0.5507313213055268,0.97575,0.10623292362474344,0.4958614895753463
42406,Frank Clark,KC,DE,DL,2,0.6242843066900792,0.4519912727002416,0.7965773406799167,0.9571190847278304,0.4435320062147552,0.47220182912765174
42421,P.J. Williams,NO,CB,DB,3,0.6418391367198991,0.4437692121816356,0.8629332598463648,0.9262277942445953,0.47082085839525895,0.5284687575198429
42427,Jordan Hicks,MIN,ILB,LB,15,0.7141050480621901,0.35580301788184937,0.8757473719316838,0.935522414443615,0.7333333333333333,0.473459396409622
42431,Danielle Hunter,MIN,OLB,LB,5,0.7839437678217431,0.6434360778514225,0.8628717614214079,0.9515,0.8419441662686825,0.5583871371965469
42433,Carl Davis,NE,NT,DL,1,0.9291901307681351,0.9291901307681351,0.9291901307681351,0.9515,1.0,0.836070392304405
42436,Henry Anderson,CAR,DE,DL,2,0.6746111310032734,0.5321279656010017,0.8170942964055451,0.9593709860879042,0.5,0.564462406921916
42441,Steven Nelson,HOU,CB,DB,11,0.7244058815595709,0.4627711697416614,0.8832926287995132,0.8994079095549047,0.7307669245207831,0.5430428106030247
42443,Angelo Blackson,CHI,DT,DL,2,0.8447706550111498,0.8248709552237554,0.864670354798544,0.9858890934271123,1.0,0.5484228716063368
42465,Za'Darius Smith,MIN,OLB,LB,2,0.8400218120103259,0.7935071680571878,0.886536455963464,0.9762124981429735,1.0,0.5438529378880042
42467,Kwon Alexander,NYJ,OLB,LB,15,0.6816381574850693,0.40684108788265766,0.8837565844924334,0.9230180661479551,0.5873754387816387,0.5345209675256138
42470,Damien Wilson,CAR,MLB,LB,7,0.7939615460512807,0.5488715448478731,0.8998974393058928,0.9547482816363603,0.8302249039944428,0.5969114525230388
42480,Grady Jarrett,ATL,DT,DL,6,0.6861730426504682,0.46507547875134625,0.8085404207749463,0.9455269600202794,0.5655114495822332,0.5474807183488922
42485,Adrian Amos,GB,FS,DB,13,0.7257973547251821,0.46294060128541514,0.88906575330667,0.9159824521990882,0.7025093913699106,0.5589002206065474
42488,Bobby McCain,WAS,FS,DB,12,0.7892595790331831,0.46010703324652696,0.8987089325410854,0.9328921711186018,0.8728350248506382,0.5620515411303091
42543,Quandre Diggs,SEA,FS,DB,13,0.7282984750660813,0.4407958871877926,0.8602547458271451,0.9557018176311446,0.7278800658775643,0.5013135416895348
42559,Christian Covington,LAC,NT,DL,1,0.8339198302020693,0.8339198302020693,0.8339198302020693,0.9452631755985637,1.0,0.5564963150076445
42560,Rakeem Nunez-Roches,TB,NT,DL,4,0.7989460737400704,0.7666234955769138,0.8307835732304983,0.9833840556232378,0.8545408479623003,0.5589133176346732
42771,Neville Hewitt,HOU,ILB,LB,2,0.8299980360162313,0.8204183913325229,0.8395776806999399,0.965738920039185,1.0,0.524255188009509
42816,Troy Hill,LA,CB,DB,6,0.6846660336886088,0.34560222030518356,0.8830929394448569,0.8402324622661212,0.682807401904201,0.5309582368955038
42826,DeShawn Williams,DEN,DT,DL,3,0.7978744326312418,0.7502820889140693,0.8345428107799634,0.9480302567260276,0.8375917254274171,0.6080013157402809
42827,Justin Coleman,SEA,CB,DB,1,0.8178746735766222,0.8178746735766222,0.8178746735766222,0.9515,1.0,0.5021240207298666
42901,Dean Marlowe,ATL,SS,DB,3,0.817776347653246,0.7816620796525137,0.8640467052769983,0.9426868895830327,0.9888568095815907,0.5217853437951145
42929,Alex Singleton,DEN,OLB,LB,20,0.7395709480889796,0.3291248156658779,0.912238992182249,0.9479224522766108,0.7524568813054998,0.5183335106848284
42935,Bryce Callahan,LAC,CB,DB,9,0.653473957072547,0.42745981441046615,0.8539779352920019,0.9175325712558998,0.5364977989549305,0.5063915010068105
43292,Joey Bosa,LAC,OLB,LB,1,0.5203878654173683,0.5203878654173683,0.5203878654173683,0.9889707540326358,0.0,0.5721928422194691
43294,Jalen Ramsey,LA,CB,DB,15,0.7616431951135608,0.46295898731344237,0.8941648100621892,0.8988670659389627,0.8277240455455858,0.558338473856134
43296,DeForest Buckner,IND,DT,DL,4,0.8147133601905672,0.7351988806425632,0.8741493657263587,0.915966084461478,0.9582487065107034,0.5699252895995203
43298,Leonard Floyd,LA,DE,DL,1,0.8186339540015606,0.8186339540015606,0.8186339540015606,0.984661897846016,1.0,0.4712399641586656
43299,Eli Apple,CIN,CB,DB,3,0.8635163107918685,0.8560570121827856,0.8731043007683471,0.9470926574984242,1.0,0.6434562748771812
43301,Sheldon Rankins,NYJ,DT,DL,4,0.8059267209397013,0.6795088610216976,0.8671500575698757,0.9164450317627223,0.9253364973394016,0.5759986337169799
43306,Keanu Neal,TB,FS,DB,17,0.7401075187164053,0.40329223360342453,0.888052930718683,0.9271237965199263,0.7733595110525434,0.5198392485767462
43308,Shaq Lawson,BUF,DE,DL,2,0.7815440684779196,0.6978775887615152,0.865210548194324,0.7500100388482531,1.0,0.5946221665855058
43313,William Jackson,WAS,CB,DB,6,0.7869376699063334,0.5228886515840098,0.8696540395063734,0.9563676496993604,0.8308113320916387,0.5736340279280011
43316,Kenny Clark,GB,NT,DL,2,0.8567481274529858,0.8424837789719418,0.8710124759340298,0.9320522733954795,1.0,0.6381921089634779
43323,Jaylon Smith,NYG,MLB,LB,6,0.733277703990396,0.48856321823203747,0.8505056517652051,0.9348648639521783,0.7169686376027292,0.547999610416281
43325,Myles Jack,PIT,ILB,LB,20,0.7822608777080642,0.4632662156370384,0.8940427687401288,0.9455992470582963,0.873962760807515,0.5272206252583815
43326,Chris Jones,KC,DT,DL,1,0.7990422099313742,0.7990422099313742,0.7990422099313742,0.9515,1.0,0.4456266297941227
43327,Xavien Howard,MIA,CB,DB,2,0.6553145454796203,0.4606726597381113,0.8499564312211293,0.9515,0.5,0.5144436364388609
43332,Austin Johnson,LAC,NT,DL,3,0.8613010664641982,0.8358484284690029,0.8837254854898937,0.9628382382023144,0.9681988153454321,0.6528661458448485
43333,Jihad Ward,NYG,OLB,LB,5,0.7151197000637672,0.31136003920500877,0.8388305159095418,0.8668177096337949,0.8,0.478541390557507
43335,A'Shawn Robinson,LA,DT,DL,3,0.7041050228278293,0.45437502745792346,0.8330521228705394,0.982152825039499,0.6666666666666666,0.4634955767773225
43338,Jarran Reed,GB,DT,DL,3,0.7702701585985025,0.4931334554430687,0.9303940556413117,0.9416961417811871,0.6666666666666666,0.7024476673476537
43341,Deion Jones,CLE,ILB,LB,1,0.5483366794786094,0.5483366794786094,0.5483366794786094,0.8240248253580598,0.4615416364320862,0.3594435766456826
43350,Vonn Bell,CIN,SS,DB,15,0.7146289937959333,0.43814334614037503,0.8790286449587209,0.9466999281506674,0.6828283674095755,0.5143586858275567
43351,James Bradberry,PHI,CB,DB,7,0.8205763097435401,0.7457993392804019,0.8630383686203102,0.9460803453929758,0.9611800051442569,0.5544685786933875
43352,Adam Gotsis,JAX,DE,DL,2,0.6657635954806314,0.5103396196276714,0.8211875713335913,0.9166824491553337,0.5,0.5806083372865602
43353,Kevin Byard,TEN,FS,DB,11,0.8030031692962502,0.6543489091855702,0.856173410027829,0.9466894905627711,0.9644982628541061,0.497821754471873
43354,Carl Nassib,TB,OLB,LB,2,0.8087486332691928,0.7915891563814507,0.8259081101569349,0.9728313788490137,1.0,0.4534145209585647
43356,Maliek Collins,HOU,DT,DL,3,0.8781760420945558,0.8339058937353186,0.907760038187794,0.9604046564377452,0.9977481264898604,0.6763753433560619
43358,Yannick Ngakoue,IND,DE,DL,3,0.6193115105066683,0.539569219455533,0.7718805219691967,0.9455845419938367,0.37318191220974994,0.5391680773164181
43361,Jonathan Bullard,MIN,DE,DL,3,0.697618119548384,0.37974815349052066,0.8614118127927087,0.9011404466022759,0.6666666666666666,0.5250472453762095
43373,Kendall Fuller,WAS,CB,DB,15,0.7499222521683357,0.37626669553047254,0.8945285139191858,0.9310798177456572,0.7982326690933926,0.5204542696659575
43376,Nick Vigil,ARI,ILB,LB,3,0.8145846787005225,0.7759065669071513,0.8462495699051827,0.9514999999999999,1.0,0.4922540361015675
43378,Javon Hargrave,PHI,DT,DL,2,0.83971969446144,0.770763077590737,0.9086763113321429,0.8512107084696243,1.0,0.6679483749146955
43387,Justin Simmons,DEN,FS,DB,4,0.7004106550650528,0.5093056199195746,0.8544978418193607,0.9515,0.6766720041216447,0.4730599610735135
43388,Joe Schobert,TEN,ILB,LB,1,0.8575163755640922,0.8575163755640922,0.8575163755640922,0.9515,1.0,0.6210491266922764
43395,Eric Murray,HOU,FS,DB,2,0.6894445527721955,0.5650685929450607,0.8138205125993302,0.9070828521231811,0.6158359355895623,0.5454148706038431
43404,De'Vondre Campbell,GB,ILB,LB,10,0.809106392094596,0.7566894675224812,0.8862146596912849,0.8941032369077317,1.0,0.5332159393760562
43405,Hassan Ridgeway,SF,DT,DL,2,0.8479536908538646,0.8400071332258935,0.8559002484818358,0.9526567097597904,1.0,0.5912043628018036
43407,Juston Burris,CAR,SS,DB,2,0.7208427157129216,0.6397985062924592,0.8018869251333841,0.9515,0.6249131977931656,0.5861149493455993
43409,David Onyemata,NO,DT,DL,2,0.6907483260978708,0.5332852853851121,0.8482113668106296,0.9649014868203698,0.5,0.6073434914732427
43411,Andrew Billings,LV,DT,DL,3,0.8678538754687972,0.7994017074917306,0.9025472248308901,0.9277894229989735,1.0,0.6757722034074183
43413,Deon Bush,KC,SS,DB,1,0.810875845860251,0.810875845860251,0.810875845860251,0.9750123529235214,0.9796176467743458,0.4779975378828857
43420,Blake Martinez,LV,ILB,LB,4,0.7501897025701573,0.4983261296837244,0.8479659874335908,0.9192323577596422,0.7795747318092708,0.5517620181415588
43426,Dean Lowry,GB,DE,DL,4,0.7877255207626112,0.6028164771324779,0.8915470096343455,0.8892144396034253,0.9154549634421021,0.558507159242306
43435,Matt Judon,NE,OLB,LB,2,0.833975874237001,0.8231527638164676,0.8447989846575344,0.9720861332323893,1.0,0.5298414894786134
43436,Quinton Jefferson,SEA,DE,DL,1,0.8333960657454748,0.8333960657454748,0.8333960657454748,0.9705358172481562,0.9172314603834312,0.6124209196048368
43441,Matt Ioannidis,CAR,DT,DL,3,0.7839865220157137,0.5889738551188229,0.8914503925819991,0.9547611782363014,0.7168772446161453,0.6803211431946942
43455,D.J. Reader,CIN,NT,DL,3,0.5490075966279281,0.4496212700951349,0.7265193360338588,0.9003292842971157,0.26002664790610014,0.48666685768056855
43478,Anthony Brown,DAL,CB,DB,10,0.6711328947407769,0.3437534159684199,0.8723030068409706,0.8795720754618268,0.6,0.533826608760504
43497,Kamu Grugier-Hill,HOU,ILB,LB,17,0.7409024398873926,0.46111006806664206,0.8647974220417606,0.9302325974207235,0.7748399964149615,0.5176347258264927
43503,Elandon Roberts,MIA,ILB,LB,10,0.7450685381101316,0.44490413145333035,0.8728381455863886,0.9013935418774122,0.7923165750625645,0.5414954973904182
43508,Will Parks,NYJ,FS,DB,1,0.4492533478962006,0.4492533478962006,0.4492533478962006,0.8112176900818319,0.0,0.5365423536067697
43522,Jalen Mills,NE,CB,DB,5,0.691474208734229,0.4623792377704455,0.8696171170202294,0.8542190420733157,0.7390983513476292,0.4811052327817421
43533,Jayron Kearse,DAL,FS,DB,10,0.8034235513720234,0.7097628781187996,0.8804043885820404,0.8969299408693997,1.0,0.5133407132466704
43534,Clayton Fejedelem,MIA,SS,DB,2,0.7973161346599269,0.7874143384825638,0.8072179308372899,0.9515,1.0,0.4404484039797804
43641,Mike Hilton,CIN,CB,DB,13,0.7681549631066914,0.47613409056939077,0.9059848700014598,0.943404539852958,0.8418038408617341,0.5192565086053821
43694,Michael Pierce,BAL,NT,DL,2,0.8349093883577318,0.8262888636944988,0.8435299130209647,0.9515,0.9745968790364531,0.5786312860367421
43700,Jonathan Jones,NE,CB,DB,5,0.7342276869383852,0.435296861258948,0.8768885328837047,0.9154685677517372,0.8,0.48721449306341846
43757,Andrew Adams,TEN,SS,DB,10,0.7680279979636137,0.44571188898166364,0.9160792030747976,0.9585361617195911,0.7920987254642956,0.5534491067069544
43787,Roy Robertson-Harris,JAX,DT,DL,6,0.7677090437930855,0.4823527511357802,0.8795387540574248,0.9619424308761593,0.8333333333333334,0.5078513671697636
43791,Morgan Fox,LAC,DE,DL,2,0.6553402099832542,0.4556548612116669,0.8550255587548415,0.961101855284795,0.5,0.5049187746649677
43797,Cory Littleton,CAR,OLB,LB,8,0.7552598844816328,0.45598406131898583,0.8261965249118562,0.9375444747765709,0.8687568689101194,0.45947830975820825
43938,Antwaun Woods,ARI,DT,DL,1,0.8515196891482466,0.8515196891482466,0.8515196891482466,0.9879309384114876,1.0,0.5666281290332522
43986,Antonio Hamilton,ARI,CB,DB,1,0.4873088651488253,0.4873088651488253,0.4873088651488253,0.9515,0.0,0.510426595446476
44813,Myles Garrett,CLE,DE,DL,2,0.8572624412247316,0.85364301038286,0.8608818720666034,0.9624696733926719,1.0,0.6093176502815232
44818,Jamal Adams,SEA,SS,DB,1,0.6201591979842853,0.6201591979842853,0.6201591979842853,0.9929642558789492,0.4926307639101348,0.374882574163772
44823,Marshon Lattimore,NO,CB,DB,4,0.7778799874331488,0.6427574477691919,0.849440305393875,0.9515,0.8209576815576228,0.5611822807418235
44825,Haason Reddick,PHI,OLB,LB,5,0.8115684437819638,0.7599535418811035,0.8641094479809773,0.9187555956560531,0.9747981396117176,0.5411515960781207
44827,Malik Hooker,DAL,FS,DB,14,0.6806060487674871,0.3221241497179029,0.8961659979999231,0.9033950045255258,0.5954096883579798,0.5430134534189557
44828,Marlon Humphrey,BAL,CB,DB,11,0.7985343054310607,0.46098780571437814,0.8664295767388044,0.9336749766666813,0.9026294125295545,0.5592985270969465
44829,Jonathan Allen,WAS,DT,DL,10,0.7918330623848824,0.4554657914983325,0.8984353698115083,0.9364970378690695,0.863440117804737,0.5755620314808407
44830,Adoree' Jackson,NYG,CB,DB,10,0.6827192017620944,0.4915376611679522,0.8702748796339,0.9359978999319857,0.5736954507793065,0.5384642545749909
44834,Charles Harris,DET,OLB,LB,1,0.7843466272850939,0.7843466272850939,0.7843466272850939,0.9998726942285818,1.0,0.3531671876266997
44837,Jabrill Peppers,NE,SS,DB,9,0.8184615618723913,0.7408725222852636,0.8887950849467744,0.9547052932819613,0.9635245655320345,0.537154826803178
44842,T.J. Watt,PIT,OLB,LB,1,0.8640033418000894,0.8640033418000894,0.8640033418000894,0.9893975528457056,1.0,0.6026124725545629
44848,Budda Baker,ARI,SS,DB,22,0.6537930490801458,0.3840853636702299,0.8653320027287147,0.8671808896027446,0.6011230014638551,0.4930752561738378
44851,Marcus Maye,NO,FS,DB,7,0.7306593631923279,0.4550604464807762,0.8886814099862937,0.944292620630276,0.7473279725272443,0.5003574964194637
44854,Marcus Williams,BAL,FS,DB,10,0.8049030023542796,0.7713086234274376,0.8445878471363617,0.9342157171353769,1.0,0.480493289927462
44855,Sidney Jones,SEA,CB,DB,1,0.8242392838469872,0.8242392838469872,0.8242392838469872,0.9515,1.0,0.5212178515409617
44861,Ryan Anderson,PIT,OLB,LB,1,0.8442237250007354,0.8442237250007354,0.8442237250007354,0.9728365602553294,1.0,0.5598346147468769
44862,Justin Evans,NO,SS,DB,3,0.7798221234557484,0.6634951011026833,0.8687897951882451,0.9635255676032344,0.7601966289764707,0.61574417378754
44863,DeMarcus Walker,TEN,DE,DL,4,0.8166752492915706,0.7136111655171202,0.8791145467296632,0.9670608625235708,0.9245119833724762,0.558452901978665
44866,Raekwon McMillan,NE,ILB,LB,5,0.7655181828813924,0.5023019338404681,0.8730712890502076,0.9445816565718801,0.7921343637233935,0.5598385283489037
44867,Dalvin Tomlinson,MIN,DT,DL,1,0.9092726168508257,0.9092726168508257,0.9092726168508257,0.9975193544962156,1.0,0.7302984960562617
44869,Zach Cunningham,TEN,ILB,LB,6,0.7496663630036772,0.520293783930573,0.8656236261612257,0.8944067929392602,0.7605228770400472,0.5940694190317238
44871,Tanoh Kpassagnon,NO,DE,DL,2,0.839854517147395,0.8064613975200209,0.8732476367747691,0.9757080365691491,0.8821722521145111,0.661683262758525
44872,Chidobe Awuzie,CIN,CB,DB,13,0.7704976654637247,0.40945734981126036,0.8634512501306794,0.9044982489863977,0.8461538461538461,0.5608409012509306
44873,Josh Jones,SEA,FS,DB,4,0.754528974684915,0.6088355993266298,0.8332715532270619,0.9511935861564629,0.8095390640684221,0.5028542738298601
44878,Ahkello Witherspoon,PIT,CB,DB,9,0.6967665100569201,0.433304873236759,0.8611846487049754,0.9261813935949195,0.6404914924410448,0.5236266441347963
44886,Chris Wormley,PIT,DE,DL,2,0.8291916334533322,0.8078780614838671,0.8505052054227974,0.9146294487253288,1.0,0.5729454516346681
44887,Duke Riley,MIA,ILB,LB,8,0.7013078804979452,0.38192642001542465,0.8816668314198169,0.9064924603321081,0.7110114906668735,0.48641969049485395
44888,Alex Anzalone,DET,ILB,LB,11,0.8104793160287056,0.6050918943981048,0.8869151886619111,0.9584184493933511,0.9409553437390747,0.532064154953691
44893,Fabian Moreau,NYG,CB,DB,6,0.8430474299002423,0.8297767085454311,0.8642105323601342,0.9516329681688857,1.0,0.5775093215318411
44902,Shaquill Griffin,JAX,CB,DB,12,0.7302601431898562,0.4333129450778397,0.9065642536349591,0.9281073730875707,0.717584311079506,0.5450887454024919
44903,John Johnson,CLE,FS,DB,14,0.7682831196214609,0.505126387434249,0.8701442637573497,0.9282226760632123,0.8538273406967543,0.5227993421044165
44904,Jourdan Lewis,DAL,CB,DB,8,0.6692742706586822,0.5106633827692139,0.8283754111634153,0.9557626992960166,0.6073240429557326,0.44473606972429736
44905,Montravius Adams,PIT,NT,DL,1,0.8455330475641367,0.8455330475641367,0.8455330475641367,0.9515,1.0,0.5850991426924101
44906,Cameron Sutton,PIT,CB,DB,8,0.6771161345889131,0.4543081940415055,0.8263971335069868,0.9496202980636604,0.6123921509387338,0.469335954764345
44911,Rasul Douglas,GB,CB,DB,14,0.6823483859411877,0.48624564405073323,0.9063598655210837,0.940276892194362,0.5660211583587209,0.5407471072704804
44915,Trey Hendrickson,CIN,DE,DL,3,0.8701721620237087,0.858158029273343,0.8808929350907309,0.9470689035454414,1.0,0.6634475825256847
44925,Eddie Jackson,CHI,SS,DB,25,0.6794170851691601,0.31951718838131954,0.9082793831363881,0.9189726543466825,0.5599954562597744,0.5592831449010232
44926,Rayshawn Jenkins,JAX,SS,DB,18,0.7699872846975205,0.47192787350169496,0.8952327595104311,0.957075544232921,0.7909219223948779,0.5619643874647626
44929,Carl Lawson,NYJ,DE,DL,2,0.8541123288738643,0.8509436694874767,0.857280988260252,0.9515,1.0,0.610836986621593
44937,Jalen Reeves-Maybin,HOU,OLB,LB,1,0.7939054314855807,0.7939054314855807,0.7939054314855807,0.9515,1.0,0.4302162944567419
44938,Samson Ebukam,SF,DE,DL,1,0.8067695651433504,0.8067695651433504,0.8067695651433504,0.9515,0.987293402539676,0.4815152928903751
44944,Deatrich Wise,NE,DE,DL,1,0.90159751403558,0.90159751403558,0.90159751403558,0.9515,1.0,0.7532925421067397
44957,Grover Stewart,IND,DT,DL,8,0.8067518425955638,0.56680654479728,0.8877110384983506,0.9529258158616214,0.8977626121705213,0.5695670997545486
44964,Desmond King,HOU,CB,DB,14,0.7620370661795356,0.4822899479453124,0.8704517878156528,0.8838435546822488,0.8647246285924507,0.537543015263907
44968,Jayon Brown,LV,OLB,LB,8,0.819528192907748,0.727075253401404,0.8998558165282425,0.9521149675431595,0.970378519732772,0.5360910914473125
44974,Anthony Walker,CLE,MLB,LB,6,0.8592676137912555,0.8146174900458439,0.8902379758328808,0.9560110650260126,1.0,0.6217917763477535
44976,Matt Milano,BUF,OLB,LB,20,0.7141900411548459,0.3616588839234058,0.8899091457853331,0.9283034751284551,0.6774717759631846,0.5367948723728981
44999,Chuck Clark,BAL,SS,DB,14,0.7450610085520378,0.397275729457318,0.8588815639359115,0.9215387423055528,0.7904985930780084,0.5231456902725524
45004,Xavier Woods,CAR,FS,DB,10,0.7262812984675896,0.43836390577477163,0.8650039908674437,0.9521885690658468,0.6911270161418247,0.5355283101950971
45008,Tanner Vallejo,ARI,ILB,LB,3,0.8603707403702662,0.7946482995554676,0.9464560243522243,0.9649201245640743,0.9966087229820348,0.6195833735646895
45009,Al-Quadin Muhammad,CHI,DE,DL,1,0.7700137553959782,0.7700137553959782,0.7700137553959782,0.8346220018356639,0.9375,0.5379192643522703
45011,D.J. Jones,DEN,DT,DL,3,0.8968897592699778,0.8859479360530146,0.9040291732897058,0.9692898250578165,1.0,0.721379452752117
45021,Rudy Ford,GB,SS,DB,2,0.850841609757956,0.8252920721895126,0.8763911473263993,0.9515,1.0,0.6010248292738678
45038,Isaac Rochell,CLE,DE,DL,3,0.8150383670809852,0.8082416538673889,0.8195364521891689,0.9396021880997085,1.0,0.5055129131432472
45287,Kenny Moore,IND,CB,DB,11,0.6355894167404851,0.3971394393905021,0.8556124547106244,0.9552018531574635,0.4494190995968085,0.5021472974671833
45345,Nicholas Morrow,CHI,OLB,LB,18,0.7992607671995969,0.4892680207549591,0.9071782929240646,0.9494837925757023,0.8808760562957386,0.5674224527273499
45352,Austin Calitro,NYG,ILB,LB,1,0.8284015890387674,0.8284015890387674,0.8284015890387674,0.9515,1.0,0.5337047671163021
45395,Arthur Maulet,PIT,CB,DB,8,0.7268854257124172,0.5449172192148818,0.8710707203747297,0.958428095478034,0.6743298378501318,0.5478983438090858
45571,Michael Davis,LAC,CB,DB,7,0.7948905764714367,0.7172492749793289,0.8585920782555561,0.9274953757270697,0.9515004942621441,0.5056758594250963
45643,Dylan Cole,TEN,ILB,LB,6,0.807596170776338,0.6665506957844386,0.8817639484892573,0.9233916803521999,0.8999937996580947,0.5994030323187195
46073,Denzel Ward,CLE,CB,DB,4,0.813981300262278,0.7037153685033616,0.8802618969070165,0.9515,0.9155824849605756,0.5748614158262582
46074,Bradley Chubb,DEN,OLB,LB,4,0.7044893520512561,0.46907462611801454,0.8368288228299088,0.9145012134994082,0.6883937700856769,0.5105730725686832
46077,Roquan Smith,BAL,ILB,LB,1,0.6851130117378638,0.6851130117378638,0.6851130117378638,0.9282101153119507,0.5137189272411593,0.6134099926604811
46077,Roquan Smith,CHI,ILB,LB,22,0.7743394814187284,0.4657241622006367,0.9406033849490097,0.9533098368871067,0.8155540954235616,0.5541545119455173
46080,Minkah Fitzpatrick,PIT,FS,DB,13,0.6923572543211747,0.3876653695399194,0.8802362144379439,0.8928002277115006,0.632056838474563,0.5522146967774605
46081,Vita Vea,TB,NT,DL,2,0.8614404981838442,0.8607263599605126,0.8621546364071758,0.9734087919157597,1.0,0.610912702635773
46082,Daron Payne,WAS,DT,DL,5,0.7765147848563312,0.4911094020262176,0.8857128933844485,0.914351615115262,0.8,0.6151927394537317
46083,Marcus Davenport,NO,DE,DL,3,0.8759712403989703,0.7946075350014876,0.9175068016195502,0.9554081926302006,1.0,0.6725055285667104
46085,Tremaine Edmunds,BUF,ILB,LB,19,0.7508750454197862,0.4773738136732737,0.8596743718116108,0.9564198205452792,0.8151615746326291,0.48104374108145026
46086,Derwin James,LAC,FS,DB,16,0.7120848605832365,0.41078336637858853,0.9133381880052077,0.9109647924353468,0.6779407022725031,0.5473490870418595
46087,Jaire Alexander,GB,CB,DB,6,0.7653092787542647,0.593043201042026,0.8776619748582176,0.9127324616251916,0.8708276099333078,0.5123677647042945
46088,Leighton Vander Esch,DAL,OLB,LB,11,0.8178893792803156,0.6745486806505839,0.9043167599954279,0.9266078153358067,0.9601722959698707,0.5668880265352695
46091,Rashaan Evans,ATL,ILB,LB,24,0.7971602935950464,0.43339661220095166,0.9086302108491728,0.9116239176945476,0.9466991527139247,0.533157810376667
46097,Terrell Edmunds,PIT,SS,DB,12,0.7272107034821871,0.42909514828328826,0.8868051619657255,0.9031218139674744,0.7660775630176566,0.5124327334614304
46098,Taven Bryan,CLE,DT,DL,1,0.7061924608687642,0.7061924608687642,0.7061924608687642,0.9393398726943664,0.4754244271946769,0.7038130827172495
46099,Mike Hughes,DET,CB,DB,9,0.7052821865183206,0.4614256660358685,0.8899802845321467,0.8986717977104937,0.7394715465069626,0.47770321533750537
46105,Shaquille Leonard,IND,MLB,LB,2,0.7199109228514635,0.6983915773074901,0.7414302683954368,0.9433417722639188,0.7405201983348537,0.4758707979556179
46114,Josh Jackson,PIT,CB,DB,1,0.8048867067591324,0.8048867067591324,0.8048867067591324,0.9515,1.0,0.4631601202773974
46117,Uchenna Nwosu,SEA,OLB,LB,5,0.8106863211444783,0.5778375209595741,0.9128614719881826,0.965294738459529,0.8,0.6667642249739055
46122,M.J. Stewart,HOU,SS,DB,3,0.6138985592902892,0.4685719759544944,0.7547251403267546,0.9403168400462637,0.46974884909816456,0.43162998872643943
46123,Jessie Bates,CIN,FS,DB,10,0.7033073812985793,0.37589847934775406,0.8716003612237812,0.9205969314221644,0.6226099166630175,0.5667152958105559
46124,Donte Jackson,CAR,CB,DB,15,0.7015624350753451,0.42067942878775405,0.889748557865044,0.9419063323926765,0.6255902687207785,0.5371907041125802
46127,Isaiah Oliver,ATL,CB,DB,7,0.7959440910781971,0.6675014642689924,0.8673653595015244,0.9324606896086379,0.9059211894432544,0.549450394182699
46132,Carlton Davis,TB,CB,DB,14,0.7924614369166009,0.5981010608951953,0.8853715483263622,0.9221527931202695,0.8953699664727255,0.5598615511568074
46133,Tyquan Lewis,IND,DE,DL,2,0.8173528694793827,0.791516625350522,0.8431891136082433,0.9328544172252715,1.0,0.5192041912128764
46135,Lorenzo Carter,ATL,OLB,LB,2,0.8237752643487986,0.7878473386582558,0.8597031900393413,0.9515,1.0,0.5198257930463956
46137,Justin Reid,KC,SS,DB,11,0.7330567864533581,0.41708551825604795,0.8564398058130704,0.9292101062549988,0.7659995658641069,0.503960687240969
46138,B.J. Hill,CIN,DT,DL,3,0.8426053333208484,0.8152560395927839,0.8576330892169909,0.9485653802857742,1.0,0.5792506196767707
46139,Fred Warner,SF,ILB,LB,16,0.703205505215154,0.4613372078032448,0.824983239092076,0.9269362369272673,0.6860151278317699,0.4966651508864249
46141,Nathan Shepherd,NYJ,DT,DL,2,0.7834590199800152,0.7363331697442433,0.8305848702157871,0.9515,0.8553981332458584,0.5434789266941872
46142,Jerome Baker,MIA,ILB,LB,10,0.818305360197267,0.734387560633277,0.863127474164925,0.9352410215133146,0.9906556402002259,0.5290194188782606
46146,Sam Hubbard,CIN,DE,DL,5,0.7713052285120301,0.670102436611674,0.8208043156993483,0.9685980146755927,0.8606906588333756,0.48462701202712194
46148,Rasheem Green,HOU,DE,DL,1,0.8572352167623413,0.8572352167623413,0.8572352167623413,0.9515,1.0,0.6202056502870239
46151,Tracy Walker,DET,FS,DB,4,0.7101611091066669,0.46585327334091314,0.8221507719301511,0.945135117912396,0.688980572885119,0.4963676365224856
46153,Justin Jones,CHI,DT,DL,3,0.5974777144966376,0.47731187143801934,0.8050167474365172,0.9217705842470325,0.36814555089753115,0.5025170083453488
46157,Oren Burks,SF,OLB,LB,3,0.785390621319899,0.734930117122353,0.8148953860063844,0.9649409659900327,0.9614674001407986,0.4297634978288656
46159,Deadrin Senat,TB,DT,DL,4,0.7957251817624318,0.6650609603145272,0.8611620705616937,0.9643552129722878,0.8615766701590206,0.5612436621559873
46162,Ronnie Harrison,CLE,SS,DB,3,0.6812726344949894,0.43134239350474973,0.8119319096892225,0.8645231656091772,0.6666666666666666,0.5126280712091243
46164,Tarvarius Moore,SF,SS,DB,2,0.800448898485958,0.7972319156875062,0.8036658812844099,0.9293871027664785,0.9943442417343771,0.4776153509570184
46165,Harrison Phillips,MIN,DT,DL,2,0.6462183884033685,0.439238318578548,0.853198458228189,0.9515,0.5,0.48715516521010543
46175,Josey Jewell,DEN,ILB,LB,8,0.8348995003054897,0.7640891001898137,0.8720730028818992,0.9403285758735269,1.0,0.5643699250429417
46186,Jordan Whitehead,NYJ,SS,DB,10,0.6783405799579209,0.4755175039999864,0.8277974988598098,0.9577155962942927,0.5055473968035444,0.5717587467759254
46187,Anthony Averett,LV,CB,DB,4,0.8150977719267266,0.7813062640003388,0.8593876892135323,0.9256916392927661,1.0,0.5196016764874137
46188,Kyzir White,PHI,ILB,LB,15,0.7337608227037625,0.4256355020328955,0.8851330606397271,0.9146779795852911,0.7868722227549918,0.4997322657710047
46190,Taron Johnson,BUF,CB,DB,13,0.7447594075459,0.49407208789674856,0.8598680286037118,0.9102305110381237,0.8217350795571695,0.5023126320424068
46194,Avonte Maddox,PHI,CB,DB,4,0.710521316316451,0.5436294497096931,0.850083895754945,0.9633012837205635,0.5690924509192187,0.5991702143095706
46197,Kentavius Street,NO,DT,DL,4,0.8028538334108084,0.697859038253292,0.8681468071635662,0.8299163943877612,1.0,0.5786451058446638
46199,Josh Sweat,PHI,DE,DL,4,0.8516907754442549,0.839556556808169,0.8602870183612629,0.9763250511318797,0.9729544490981137,0.6057928261027711
46204,John Franklin-Myers,NYJ,DE,DL,2,0.6747274616876822,0.43910594403535635,0.910348979340008,0.9739787817871592,0.5,0.5502036032758872
46205,Marquis Haynes,CAR,OLB,LB,2,0.6579564958436361,0.4522573632905958,0.8636556283966765,0.9307486958654796,0.5,0.5431207916654289
46211,D.J. Reed,NYJ,CB,DB,15,0.774880200105153,0.45096602119581886,0.8790961895006423,0.9304166589195497,0.8666666666666667,0.5275572747292425
46212,Ja'Whaun Bentley,NE,ILB,LB,5,0.7767019438204776,0.6361154518782536,0.8696297846198041,0.9460083653753488,0.8331950168674684,0.5509024492186159
46214,Bilal Nichols,LV,DT,DL,2,0.7287012960633169,0.5957968925833066,0.8616056995433272,0.972663181619962,0.6749818315488814,0.5384588750211075
46215,Tre Flowers,CIN,CB,DB,4,0.7074099741780662,0.5224258631022868,0.8605666120306852,0.9609551502899272,0.6050354751827237,0.5562392970615475
46223,Siran Neal,BUF,CB,DB,1,0.43123581962845203,0.43123581962845203,0.43123581962845203,0.8735065239123057,0.0,0.4202009349730504
46229,Ogbonnia Okoronkwo,HOU,DE,DL,1,0.4796150938744104,0.4796150938744104,0.4796150938744104,0.6903497513777616,0.1874999999999965,0.5609955302454732
46249,Folorunso Fatukasi,JAX,DT,DL,3,0.8561607375866452,0.7491232867670504,0.9553809652459998,0.9364686668046861,0.9041520980802047,0.7278614478750449
46253,Marcell Harris,NYJ,OLB,LB,2,0.828224813095783,0.768196077200523,0.8882535489910431,0.8633096625300853,0.9948096266503423,0.6265551501069216
46259,DeShon Elliott,DET,FS,DB,18,0.7153491673977886,0.31432973844443174,0.8979938968621476,0.9429323901831873,0.683704508994755,0.5194106030154235
46264,Sebastian Joseph,LAC,NT,DL,10,0.70602796814998,0.39730255723852465,0.9010864765135116,0.9209373501218566,0.6374081081038133,0.55973844622427
46269,Foyesade Oluokun,JAX,ILB,LB,19,0.7799446488722052,0.3885974078819185,0.9559369412322708,0.9415460343216967,0.8593599735359256,0.5389279387589929
46278,Cornell Armstrong,ATL,CB,DB,6,0.7055263263961589,0.4575838795989038,0.8553894989635986,0.9516888639456438,0.6672057275278281,0.49768438771500473
46290,Matthew Adams,CHI,OLB,LB,1,0.8680743882300871,0.8680743882300871,0.8680743882300871,0.9970894572288928,1.0,0.6071337074613682
46304,Zaire Franklin,IND,OLB,LB,26,0.7205952662245079,0.3666045161429827,0.8688021922622222,0.9012596455531022,0.7453975222218149,0.5151286308986064
46307,Zach Sieler,MIA,DT,DL,3,0.8511143304045211,0.8037216541720961,0.8922408767281217,0.9547817901358089,1.0,0.5985612010777545
46312,Keion Crossen,MIA,CB,DB,2,0.749246646500213,0.634140681736569,0.8643526112638571,0.9628816947750825,0.7480487786324106,0.5368094660931461
46354,Emmanuel Moseley,SF,CB,DB,4,0.8400978754947814,0.820984214331899,0.8536271433862271,0.9559767470477836,1.0,0.5643168794365607
46387,Kendal Vickers,LV,DT,DL,2,0.7794321536446847,0.7154222093803063,0.8434420979090631,0.9023508257737622,1.0,0.43594563516029206
46456,Darious Williams,JAX,CB,DB,3,0.6322801834006694,0.46855461686523564,0.8281185305643334,0.8752411954884286,0.5499859235840862,0.47161343112949333
46487,Poona Ford,SEA,DE,DL,2,0.7141154257963906,0.6017550330658729,0.8264758185269084,0.9451491015686895,0.6792051725470464,0.517992003273436
46501,Elijah Campbell,MIA,CB,DB,1,0.8080456602585423,0.8080456602585423,0.8080456602585423,0.9515,0.8948325632508005,0.577804417524826
46504,Daniel Ekuale,NE,DT,DL,1,0.8398560390895909,0.8398560390895909,0.8398560390895909,0.9515,1.0,0.5680681172687732
46521,Ben Niemann,ARI,ILB,LB,4,0.8347006761796532,0.7375666368149293,0.8838534605798828,0.9051498759523999,1.0,0.5989521525865593
46527,Frankie Luvu,CAR,ILB,LB,11,0.705119115392578,0.4434705280842543,0.8885847623178852,0.9646606891153676,0.584210744526272,0.5664859125360946
46652,Chandon Sullivan,MIN,CB,DB,11,0.813607528073563,0.7117411904291103,0.8760717765016119,0.8925456558910074,0.9858437041287318,0.5624332242009498
46657,Dennis Gardeck,ARI,OLB,LB,4,0.6979912371353545,0.4898408817518716,0.8373840456138867,0.943948614258111,0.6657100418853066,0.48431505526264595
46669,Jonathan Owens,HOU,FS,DB,23,0.6838487103402443,0.3391266808052471,0.9268383259643231,0.881249435859915,0.6702993264661092,0.49999736869470857
46674,Ezekiel Turner,ARI,ILB,LB,2,0.8340887411931573,0.821341734671429,0.8468357477148857,0.9734190620308403,1.0,0.5288471615486319
46680,Sean Chandler,CAR,SS,DB,3,0.6474342278683302,0.4299404891818526,0.7722391554423099,0.9627933941030737,0.58868526558182,0.3908240239200969
46686,Grant Haley,LA,CB,DB,5,0.6609147744658129,0.4671378418474898,0.8099474628999918,0.873879107428921,0.6,0.5088652159685177
46698,Levi Wallace,PIT,CB,DB,3,0.8565111314343913,0.7953930028055818,0.9026380407481575,0.9616177567377107,1.0,0.6079156375654636
46699,Dee Delaney,TB,CB,DB,1,0.7404329087677336,0.7404329087677336,0.7404329087677336,0.9515,0.6798866793520746,0.5899120469511263
46700,Tre Herndon,JAX,CB,DB,4,0.6623402114933692,0.4724183104466609,0.8155522547778306,0.9515,0.5737496456917214,0.46177098878838596
46711,Ryan Neal,SEA,SS,DB,14,0.766502708823567,0.4727784543960732,0.8807719202873548,0.9318308541716219,0.8401669550169485,0.5275103172821304
46729,Brandon Facyson,IND,CB,DB,3,0.732966686707946,0.6569148802540687,0.8138642208023876,0.7605173048667734,0.8933241758932904,0.545058579363774
46757,Charvarius Ward,SF,CB,DB,7,0.7838645471094042,0.4888668853746361,0.8936609760845599,0.9505038759870692,0.7841893374248927,0.6169004279162505
46771,Abdullah Anderson,ATL,DE,DL,1,0.9193939508241229,0.9193939508241229,0.9193939508241229,0.9562095504347652,1.0,0.8019723020376035
46775,J.C. Jackson,LAC,CB,DB,5,0.7299165362761871,0.3948600082360854,0.8497854861000761,0.9515,0.8,0.4382496088285615
46846,Joshua Kalu,TEN,FS,DB,4,0.684249038004213,0.6214933224521988,0.7742396716742768,0.9139777584737795,0.713677432716235,0.42509192282262465
46902,Robert Spillane,PIT,ILB,LB,4,0.63738895053801,0.456312161361218,0.8853827111146305,0.9398122377288376,0.43239404894638656,0.5399605649388058
46958,Chris Board,DET,ILB,LB,1,0.8414149573665538,0.8414149573665538,0.8414149573665538,0.9515,1.0,0.5727448720996613
47785,Nick Bosa,SF,DE,DL,2,0.8162048273017204,0.7896140893227616,0.8427955652806792,0.9515,0.8704126131700347,0.6267018687351265
47786,Quinnen Williams,NYJ,NT,DL,4,0.7951948282724466,0.635905568377522,0.8816725854453589,0.9527009819783007,0.8539490038153681,0.5789344990236709
47788,Devin White,TB,ILB,LB,9,0.8240960278596416,0.7677193279825968,0.8727639236622062,0.9595041659818838,1.0,0.5127839175970411
47790,Josh Allen,JAX,OLB,LB,2,0.654297675403746,0.5066543976083903,0.8019409531991016,0.9558299148843923,0.4902200153991927,0.5168430959276529
47792,Ed Oliver,BUF,DT,DL,1,0.9031587987646131,0.9031587987646131,0.9031587987646131,0.9515,1.0,0.7579763962938395
47793,Devin Bush,PIT,ILB,LB,6,0.7150430779963838,0.46858263843038617,0.8978559621225947,0.9422873976208469,0.6419825046025073,0.560859331765797
47795,Rashan Gary,GB,OLB,LB,2,0.825915726335184,0.8213757995894442,0.8304556530809237,0.9213804071453817,1.0,0.55636677186017
47796,Christian Wilkins,MIA,DT,DL,11,0.795210678369002,0.5011563316020906,0.9036101879193686,0.952105429177983,0.8378906627189547,0.5956359432100687
47799,Brian Burns,CAR,OLB,LB,3,0.8164128438960612,0.7917648069340371,0.8597280786983634,0.9134485472627613,1.0,0.5357899844254221
47800,Dexter Lawrence,NYG,DT,DL,2,0.8164715645694545,0.8096012804249062,0.8233418487140028,0.9420622815728854,1.0,0.5073524121354782
47802,Jeffery Simmons,TEN,DT,DL,6,0.6661441176753196,0.4980662706242369,0.898857016017928,0.9448910594904137,0.5026909813232456,0.5508503122122992
47804,Darnell Savage,GB,SS,DB,11,0.7728252640740362,0.46903655093637336,0.8561515285802029,0.907760700861181,0.8974478167712282,0.5132672745896993
47809,Montez Sweat,WAS,DE,DL,4,0.8196412208412952,0.7147279507102301,0.8953645667611284,0.874445664896366,0.9187071937889004,0.6657708038386191
47810,Johnathan Abram,LV,SS,DB,10,0.7514920844753061,0.47261854181385293,0.9641354138598132,0.9522146831506715,0.7293491398873312,0.5729124303879157
47811,Jerry Tillery,LAC,DT,DL,1,0.8176797736732612,0.8176797736732612,0.8176797736732612,0.9912759269096484,1.0,0.4617633941101353
47816,Byron Murphy,ARI,CB,DB,12,0.7534042489192908,0.46626199151037656,0.8732185763975795,0.9548626079332564,0.7802899361234849,0.5250602027011312
47817,Rock Ya-Sin,LV,CB,DB,11,0.7944964709953498,0.5637121612250483,0.895801320744621,0.9406375807076071,0.8762792862112381,0.5665725460672039
47822,Sean Murphy-Bunting,TB,CB,DB,2,0.7705556019074912,0.7253344062835806,0.8157767975314018,0.8788611335415522,1.0,0.4328056721809213
47823,Trayvon Mullen,ARI,CB,DB,1,0.736705665715449,0.736705665715449,0.736705665715449,0.7540830589745727,0.95297664852789,0.5030572896438845
47826,Jahlani Tavai,NE,ILB,LB,3,0.8347598246113307,0.8151292951020427,0.8729503045504838,0.9514999999999999,1.0,0.5527794738339922
47829,Greedy Williams,CLE,CB,DB,1,0.904857163562883,0.904857163562883,0.904857163562883,0.9515,1.0,0.7630714906886489
47837,Lonnie Johnson,TEN,CB,DB,1,0.7209715989840095,0.7209715989840095,0.7209715989840095,0.8496734768889755,0.762320153192767,0.550921166870286
47841,Trysten Hill,DAL,DT,DL,3,0.7776938868054696,0.6607342498125486,0.8371640863951888,0.807279889214309,1.0,0.5258017712020998
47843,Nasir Adderley,LAC,FS,DB,9,0.7064781246862495,0.3274201872232855,0.8714583659737247,0.9062266168622755,0.7148941431700473,0.4983136140264256
47844,Taylor Rapp,LA,FS,DB,13,0.7486425955237201,0.41259619221742544,0.9011391596992796,0.8996261348870275,0.801570560031171,0.544731091652962
47846,Juan Thornhill,KC,FS,DB,10,0.7170262578848445,0.43352715224378563,0.8607368508428911,0.9339791032044007,0.703403256317986,0.5136964141321472
47848,Zach Allen,ARI,DE,DL,7,0.7531908566506685,0.47067998057505916,0.8561352478282297,0.95034302188314,0.7813502920568399,0.5278792560120257
47854,Dre'Mont Jones,DEN,DE,DL,7,0.7979045352659445,0.44053415558410053,0.9017090843440904,0.9563735488383962,0.8571428571428571,0.5801971998165801
47855,Germaine Pratt,CIN,OLB,LB,7,0.7346042670521734,0.5367660219774423,0.8360638415643983,0.8780803935582414,0.7797224273558143,0.5460099802424646
47862,David Long,LA,CB,DB,6,0.8176511107433108,0.7369932303992267,0.885734736550101,0.9506905574180885,0.971409175990626,0.5308535988212179
47863,Sione Takitaki,CLE,OLB,LB,8,0.6775660986597443,0.4568080847684754,0.8376693922822677,0.9441596079079176,0.5950372697161653,0.49350141835514966
47864,Will Harris,DET,SS,DB,5,0.7963922694453163,0.7499309802897048,0.8589151669540215,0.9515,1.0,0.43767680833594885
47866,Justin Layne,NYG,CB,DB,2,0.7413621978661351,0.6492521570186347,0.8334722387136354,0.8361268093067562,0.854132752579928,0.5338270317117211
47867,Khalen Saunders,KC,DT,DL,4,0.8441895495661472,0.8240118051976412,0.8750087406788657,0.9478795566120299,1.0,0.5846890920864118
47871,Cody Barton,SEA,MLB,LB,9,0.7892635853569118,0.5232964995498907,0.894696927304112,0.929830550698392,0.8830088182835633,0.5549513870887801
47872,Bobby Okereke,IND,ILB,LB,26,0.7794971290270537,0.41335562125203823,0.8998133382690146,0.9307257297700413,0.8538559542395334,0.5539097030715863
47877,Jamel Dean,TB,CB,DB,11,0.7580350295481991,0.4790407505099527,0.8990522357212182,0.9515,0.7678201104714855,0.554784978173112
47878,Oshane Ximines,NYG,OLB,LB,2,0.8338016992578572,0.829344849537558,0.8382585489781564,0.9706239296503535,0.9981013615519697,0.5326798065712487
47881,Quincy Williams,NYJ,OLB,LB,18,0.7122424510605384,0.41089108855839723,0.953336504645168,0.93084352145692,0.6215289514988368,0.5843548802258584
47882,Mike Edwards,TB,FS,DB,17,0.7306729083406452,0.40182016145376726,0.8436306786099522,0.9333045258584486,0.7615044497842107,0.49720974937927664
47888,Chauncey Gardner-Johnson,PHI,SS,DB,13,0.699327514946609,0.44377876739215405,0.8723760384813938,0.9574575331777317,0.6568979564900268,0.483627055172069
47889,Maxx Crosby,LV,DE,DL,9,0.7580608895530004,0.4147460292606475,0.8933216641893656,0.9516097551966227,0.7895187738955137,0.533054139566865
47891,Julian Love,NYG,SS,DB,14,0.76583285065388,0.455188553498953,0.8973283364115968,0.9080268372859123,0.8612028012006466,0.5282689134750809
47899,Amani Hooker,TEN,FS,DB,8,0.7298403128284513,0.4513990584774508,0.829979624612237,0.9571388060525148,0.75,0.48238213243283923
47900,Austin Bryant,DET,OLB,LB,2,0.8491275053490368,0.8415375211290642,0.8567174895690094,0.9698875723098161,1.0,0.5774949437372942
47913,Drue Tranquill,LAC,ILB,LB,18,0.7944098203438047,0.4723610195684145,0.922270739958126,0.9359827535310838,0.8757559862594771,0.571490721240853
47915,Ugochukwu Amadi,TEN,FS,DB,1,0.8001089079887894,0.8001089079887894,0.8001089079887894,0.9515,0.9596570998637936,0.4891696241025751
47917,Greg Gaines,LA,NT,DL,2,0.6248474846259247,0.4441618710955843,0.805533098156265,0.9374793373805155,0.5,0.4370631164972586
47929,Amani Oruwariye,DET,CB,DB,12,0.7594394819971844,0.5009143427536007,0.897289463444663,0.9290740743577178,0.8526240284444245,0.4966203431894109
47931,Dre Greenlaw,SF,ILB,LB,13,0.7594107125307781,0.4740390946879169,0.937741144696321,0.9209247635655881,0.8348159964073187,0.5224913776194275
47934,Andrew Van Ginkel,MIA,OLB,LB,1,0.9277233793499104,0.9277233793499104,0.9277233793499104,0.9918516750589612,1.0,0.7913184629907701
47938,Mack Wilson,NE,OLB,LB,2,0.7952152972314663,0.7285573587742314,0.8618732356887011,0.9565241028603102,0.7892670441272445,0.6398547447068441
47939,Justin Hollins,LA,OLB,LB,4,0.825736869628091,0.7896948689100789,0.8813703622072041,0.9635060488009163,0.9864806753519186,0.5272238847314379
47941,Michael Jackson,SEA,CB,DB,19,0.7554376577994033,0.3245690502375627,0.8723391560626103,0.8973744659532734,0.8330200222531463,0.53591848519179
47942,Byron Cowart,IND,DT,DL,2,0.9277134898619582,0.9056635097790989,0.9497634699448175,0.9776146876058995,1.0,0.8055257819799748
47944,Charles Omenihu,SF,DE,DL,1,0.8156855509223475,0.8156855509223475,0.8156855509223475,0.9515,1.0,0.4955566527670425
47947,E.J. Speed,IND,OLB,LB,11,0.7094855252708745,0.3987607828205906,0.9102127925231526,0.9255354618307172,0.6591677643807231,0.5437533496011832
47956,Cole Holcomb,WAS,ILB,LB,16,0.7880741200342907,0.5182607475976809,0.9159316487524386,0.9582615517968238,0.8693772195227228,0.5365835887833252
47964,Jaquan Johnson,BUF,FS,DB,5,0.8065388506445504,0.7448992304978276,0.862367304592354,0.9170520277395386,0.9530039625586497,0.5495605616354633
47971,David Long,TEN,ILB,LB,19,0.7641385208791958,0.3507532192085854,0.8975995996420271,0.8826227303781898,0.8830939733576775,0.5266988589017199
47973,Armon Watts,CHI,NT,DL,7,0.7497711780590851,0.4388372251739931,0.8883414486143725,0.9541954202903165,0.7714073136783247,0.5237108002086143
47974,Marcus Epps,PHI,SS,DB,17,0.7294934814817559,0.4544837042077652,0.8636909340372555,0.90618721397495,0.7674215559568344,0.5148716745134829
47975,Isaiah Buggs,DET,DT,DL,3,0.8488386008927736,0.8275044418954226,0.8620855844773119,0.9674067476225865,1.0,0.5791090550557346
47984,Rashad Fenton,KC,CB,DB,6,0.7991086612829038,0.7524868577978158,0.8366577138083366,0.9620596495965033,1.0,0.4352663342522079
47996,Donovan Wilson,DAL,SS,DB,24,0.7338366131301021,0.3397237744882935,0.9107383502779819,0.927027800046161,0.7434508753770803,0.5310311639670651
48008,Darryl Johnson,SEA,OLB,LB,1,0.8840863376791556,0.8840863376791556,0.8840863376791556,0.8866524926369453,1.0,0.7656065204005214
48013,Quinton Bell,ATL,OLB,LB,1,0.8282139749450791,0.8282139749450791,0.8282139749450791,0.9870887701366072,1.0,0.4975531546986297
48026,Nick Scott,LA,SS,DB,12,0.6638505937181657,0.43621279941989705,0.8732918798975255,0.9169657079426964,0.5949162707550372,0.47966980245676333
48027,Kaden Elliss,NO,OLB,LB,4,0.8007750295139471,0.7242920540971589,0.8567287345231289,0.9433055834232466,0.9210029942279367,0.538016510890658
48089,Malik Reed,PIT,OLB,LB,1,0.5632516222701393,0.5632516222701393,0.5632516222701393,0.9339609356770684,0.1318519894229514,0.6239419417103979
48117,Demetrius Flannigan-Fowles,SF,OLB,LB,1,0.7086610602391684,0.7086610602391684,0.7086610602391684,0.9515,0.7334709173070427,0.4410122634104626
48123,Kevin Givens,SF,DT,DL,1,0.828498504615378,0.828498504615378,0.828498504615378,0.934636015749494,1.0,0.5508594980966401
48198,Bryan Mone,SEA,NT,DL,3,0.7280638096956497,0.45733627749485,0.876061582168519,0.9824751086349043,0.6666666666666666,0.5350496537853777
48241,Keisean Nixon,GB,CB,DB,3,0.8217119790246125,0.798843448687775,0.8411878009498622,0.9514999999999999,1.0,0.5136359370738371
48259,Darius Harris,KC,ILB,LB,6,0.8304024982521346,0.7629744168323688,0.8890867065814422,0.918308075030318,1.0,0.5728994197260858
48268,Azeez Al-Shaair,SF,ILB,LB,1,0.8329515296220612,0.8329515296220612,0.8329515296220612,0.9657959506636252,1.0,0.5330586382025583
48447,P.J. Locke,DEN,FS,DB,1,0.7122580408656477,0.7122580408656477,0.7122580408656477,0.9515,0.8206679155092638,0.3646062070876796
48462,Kevin Strong,TEN,DE,DL,1,0.816124000050458,0.816124000050458,0.816124000050458,0.8892446913888089,1.0,0.559127308762565
48476,Nik Needham,MIA,CB,DB,4,0.7406213241591592,0.4677432775905846,0.8706041511343612,0.9488594297836783,0.75,0.5230045426937989
48482,Tyrel Dodson,BUF,MLB,LB,2,0.8038803616259298,0.7853842782716103,0.8223764449802493,0.9653186253156651,1.0,0.44632245956212435
48487,Cameron Lewis,BUF,CB,DB,1,0.47206699591263473,0.47206699591263473,0.47206699591263473,0.9606703424022992,0.0084517865391533,0.4470788587964516
48508,Andrew Wingard,JAX,FS,DB,1,0.8343363964803715,0.8343363964803715,0.8343363964803715,0.9515,1.0,0.5515091894411143
48516,T.J. Edwards,PHI,ILB,LB,19,0.7753567367749001,0.4674867921057347,0.9062525257566132,0.9443388281851873,0.8398966895836107,0.5418346925559023
48520,Anthony Rush,ATL,DT,DL,2,0.7466534389387915,0.7385221817265227,0.7547846961510603,0.8741025446059705,0.8298338482232893,0.5360239239871145
48537,Carl Granderson,NO,DE,DL,4,0.8154087273951304,0.791940627373076,0.8490682001087263,0.9456578254030927,1.0,0.5005683567822983
48544,Shy Tuttle,NO,DT,DL,3,0.8780434250595835,0.8572723764847213,0.8962537213126375,0.9514999999999999,1.0,0.682630275178751
48581,Roderic Teamer,LV,SS,DB,4,0.7275711347093446,0.4924742616980531,0.8293551122359143,0.8363096358677266,0.8890155455325667,0.4573882227277406
48588,Jordan Kunaszyk,CLE,MLB,LB,1,0.7914048775355171,0.7914048775355171,0.7914048775355171,0.9968223206054844,1.0,0.3773923120010674
48770,Marquise Copeland,LA,DT,DL,2,0.7023200170719347,0.4866593136974123,0.9179807204464572,0.961870474626827,0.5,0.6450895765889771
49410,Jalen Thompson,ARI,FS,DB,16,0.7595723403685751,0.48523695197029587,0.8748820951911768,0.8544325257311743,0.8749676220793999,0.5493168732951512
52272,Dee Alford,ATL,CB,DB,7,0.720417389607146,0.46633869720822646,0.859943730551716,0.9515,0.6708173203979213,0.5389348484235165
52411,Jeff Okudah,DET,CB,DB,19,0.6289187634603192,0.31716666666666665,0.8949110849924162,0.9180411301079175,0.5079553523332213,0.4607598079398187
52415,Derrick Brown,CAR,DE,DL,6,0.7627868758724765,0.3860043836458833,0.9459197659081581,0.9379749281424216,0.7203957787560583,0.6299899207189495
52416,Isaiah Simmons,ARI,DB,DB,7,0.7144046785012402,0.4718974467844282,0.8749661043774187,0.9284823355886015,0.7378065349906943,0.47692516492442494
52417,C.J. Henderson,CAR,CB,DB,13,0.7202624911541118,0.36544656110555,0.8816723312129829,0.9299223325937594,0.6923076923076923,0.5385574485608837
52422,Javon Kinlaw,SF,DT,DL,1,0.8604528605859044,0.8604528605859044,0.8604528605859044,0.9742639837918954,1.0,0.6070945979658179
52424,A.J. Terrell,ATL,CB,DB,8,0.7077092976376134,0.36938548934516513,0.8493390065542078,0.8781156912395703,0.7430889176086938,0.501923284064576
52431,Kenneth Murray,LAC,ILB,LB,10,0.8181920274970288,0.7725065965836787,0.8718891055724339,0.9006553394197082,1.0,0.5539207430713782
52435,Jordyn Brooks,SEA,ILB,LB,28,0.731621041699894,0.39037327080345413,0.8998383555654703,0.9539102441147911,0.7418637740196695,0.4990891069652213
52436,Patrick Queen,BAL,ILB,LB,19,0.7312070386305762,0.4297583082951902,0.8803698468265401,0.9186731024531056,0.7441520448792065,0.5307959685594167
52438,Noah Igbinoghene,MIA,CB,DB,2,0.8503062251596545,0.8358371257367381,0.8647753245825708,0.9515,1.0,0.5994186754789634
52444,Xavier McKinney,NYG,FS,DB,7,0.8334867227597422,0.7606485619216471,0.8863357411205373,0.9500846417095712,1.0,0.5503755265696554
52445,Kyle Dugger,NE,FS,DB,7,0.8658980990719555,0.7930826497906187,0.9337555669213605,0.9599665572648923,1.0,0.6377277399509741
52446,Yetur Gross-Matos,CAR,OLB,LB,3,0.8290453072221119,0.7820089918156308,0.8637008945482151,0.9503165277261396,0.9340384288664133,0.6027809650737824
52452,Grant Delpit,CLE,SS,DB,15,0.7101861192765422,0.4237886487408364,0.877126845394966,0.9383455962537399,0.6461076778491184,0.546105083726768
52453,Antoine Winfield,TB,FS,DB,18,0.7121114079443526,0.3851363150047238,0.9701036751033228,0.9279270394351441,0.6940467245577122,0.5143604598402012
52456,Darrell Taylor,SEA,OLB,LB,2,0.7807366688434333,0.7195269152762637,0.8419464224106029,0.8135054462920898,1.0,0.5287045602382101
52458,Jaylon Johnson,CHI,CB,DB,3,0.6151420348451911,0.4606251371809982,0.7963109100867282,0.8128299580974631,0.5620260479700888,0.4705700984680214
52459,Trevon Diggs,DAL,CB,DB,6,0.603441614527434,0.4019044390503519,0.8677238832170352,0.9513703251006548,0.4079143828740475,0.4510401356075995
52462,A.J. Epenesa,BUF,DE,DL,1,0.440720012329977,0.440720012329977,0.440720012329977,0.8873680147440658,0.0,0.4347920222458651
52464,Raekwon Davis,MIA,NT,DL,2,0.816653980618167,0.7638425776713502,0.8694653835649838,0.9515,1.0,0.4984619418545011
52469,Kristian Fulton,TEN,CB,DB,11,0.768026822558274,0.46872611968624467,0.8847935675864281,0.944204879009516,0.8275534779334439,0.5323221107318624
52471,Willie Gay,KC,OLB,LB,5,0.7881735325586672,0.4877472177737654,0.9418047432398439,0.8656168936725734,0.8913054318932057,0.6075982721102225
52472,Jeremy Chinn,CAR,FS,DB,3,0.7486652807123061,0.6113354784975352,0.8222443793200996,0.9514999999999999,0.7204460352634386,0.5740498068734798
52473,Logan Wilson,CIN,ILB,LB,22,0.7647632088607094,0.41616742024899794,0.8781075819239098,0.9387570030570574,0.8373691438442837,0.5181634796807871
52475,Julian Okwara,DET,OLB,LB,1,0.7625161795754024,0.7625161795754024,0.7625161795754024,0.6323531838443084,1.0,0.6551953548818988
52478,Brandon Jones,MIA,SS,DB,11,0.7232572508938525,0.46059860425505184,0.8691315488059557,0.9011914284883319,0.7468068022452463,0.5217735219479792
52479,Justin Madubuike,BAL,DT,DL,5,0.8565201021445477,0.8359813243945119,0.8807640362681212,0.9772760635896125,1.0,0.5922842428440303
52481,Davon Hamilton,JAX,DT,DL,6,0.817111093715824,0.7437776133529392,0.9012930243801226,0.8996696971413097,0.9657414005014293,0.5859221835047327
52490,Neville Gallimore,DAL,DT,DL,4,0.7543966655338995,0.519740374235357,0.9060614482323617,0.9256811185221573,0.75,0.5875088780795413
52492,Terrell Lewis,LA,OLB,LB,3,0.7999980754252961,0.7757442744909406,0.8257996727929985,0.897345753200575,1.0,0.5026484730753129
52493,Julian Blackmon,IND,FS,DB,2,0.5498183721043199,0.30649864827288203,0.7931380959357578,0.7366473123797854,0.45327820100113,0.4595296029320445
52496,Jordan Elliott,CLE,DT,DL,3,0.7530984159227042,0.6821550601055627,0.8073472177714555,0.9514999999999999,0.7203066756419547,0.587488572126158
52497,Cameron Dantzler,MIN,CB,DB,18,0.7806690901690084,0.43826524844587983,0.874041942904897,0.9457018161144073,0.8551346355378184,0.5411708188547996
52498,Jonathan Greenard,HOU,DE,DL,3,0.8768418924428777,0.8697998453690273,0.880578431986302,0.9629497780808118,1.0,0.6675758992478217
52505,Jacob Phillips,CLE,MLB,LB,9,0.7381001606633493,0.4286020537290422,0.9278130041774793,0.8891783392205131,0.7574891494114911,0.5676329933580436
52506,Malik Harrison,BAL,OLB,LB,6,0.7266940234039417,0.6183204748848253,0.8502274448882643,0.9371454745922446,0.7111330000002902,0.5318035956192902
52510,Alex Highsmith,PIT,OLB,LB,4,0.8387716109553607,0.7748822980904878,0.9201671598171801,0.9051923492243092,0.9221229126462676,0.6889995709955055
52512,Terrell Burgess,LA,FS,DB,5,0.7183385681940564,0.44403320871756596,0.8284284378106413,0.9228576943507896,0.7963554709862213,0.4358025392451584
52515,Akeem Davis-Gaither,CIN,OLB,LB,14,0.764035509374233,0.437698240190459,0.9223414648272361,0.9568141649609039,0.7250094275956694,0.6102829355661258
52518,Darnay Holmes,NYG,CB,DB,2,0.8836043068353954,0.8506284107781578,0.9165802028926331,0.9742549620822469,1.0,0.6765579584239394
52525,D.J. Wonnum,MIN,OLB,LB,2,0.6846525894469281,0.6467159646399055,0.7225892142539506,0.827068744695528,0.7352455654198875,0.4916434582253687
52527,Mykal Walker,ATL,ILB,LB,12,0.7548680325555276,0.44172741205095695,0.8383928043845579,0.9400857006637447,0.8620556722963145,0.46246272470652333
52535,K'Von Wallace,PHI,SS,DB,1,0.4316666044628299,0.4316666044628299,0.4316666044628299,0.9515,0.0,0.3434998133884896
52538,James Lynch,MIN,NT,DL,1,0.842441659394439,0.842441659394439,0.842441659394439,0.9515,1.0,0.5758249781833171
52539,Rashard Lawrence,ARI,NT,DL,2,0.8724978516785208,0.8674420886763176,0.877553614680724,0.9557507211263279,1.0,0.6617428339092345
52542,Jaylinn Hawkins,ATL,FS,DB,14,0.7419728442295586,0.4981853105880045,0.9011715503275087,0.9590382199639774,0.7148616495800777,0.5520186631446204
52545,Josiah Scott,PHI,CB,DB,1,0.8141022403813688,0.8141022403813688,0.8141022403813688,0.978540917167776,1.0,0.4637658039763302
52546,L'Jarius Sneed,KC,CB,DB,16,0.8068655593574885,0.7131101712380357,0.8703925586566389,0.9207001471898296,0.9939546772372956,0.5059418536453404
52547,Amik Robertson,LV,CB,DB,7,0.7187661287617735,0.4023794465125172,0.8509714051250653,0.8990642896432746,0.7705317401703747,0.4867023564716715
52563,Trevis Gipson,CHI,OLB,LB,3,0.7136378331330429,0.49313562177440273,0.8305163205146294,0.8786034572429418,0.6666666666666666,0.5956433754895204
52571,Kindle Vildor,CHI,CB,DB,7,0.7218133275793311,0.46313028768716274,0.8314653614586485,0.9230039621283898,0.7664423723430176,0.4759936482665862
52578,Broderick Washington,BAL,DT,DL,4,0.8015073482160953,0.6248435439024878,0.9235946451431722,0.9530046402634564,0.8313487877094368,0.6201686166753926
52594,Alohi Gilman,LAC,SS,DB,2,0.4616854150364841,0.43928918620740615,0.484081643865562,0.8506299553669205,0.0,0.5344262897425317
52607,Jordan Fuller,LA,SS,DB,4,0.7698499784949477,0.6481083202080614,0.8498517834022209,0.7728658508780851,0.989597410166982,0.5470866744397759
52613,Josh Metellus,MIN,SS,DB,4,0.7734343228427281,0.6998285814837208,0.8551964063527464,0.8630661635011372,0.9811880009128722,0.4760488041141747
52619,Isaiah Rodgers,IND,CB,DB,5,0.8405019812878528,0.8031093331113176,0.8821757965097939,0.9582993465094776,0.9670526076799077,0.5961539896741729
52623,Markus Bailey,CIN,ILB,LB,1,0.8396398685810267,0.8396398685810267,0.8396398685810267,0.9838239237193404,1.0,0.5350956820237396
52624,Kamren Curl,WAS,SS,DB,17,0.7455259911079192,0.5497728040819144,0.9080261293950466,0.8596740779465705,0.7955799934810043,0.5813239018961829
52627,Geno Stone,BAL,SS,DB,4,0.8021146644896753,0.7589368895047682,0.8535680640033686,0.9113799334774959,0.951565390997265,0.5433986689942649
52637,James Smith-Williams,WAS,DE,DL,2,0.7736248904417073,0.7241977739190312,0.8230520069643834,0.9019988163165298,1.0,0.4188758550085919
52647,Dane Jackson,BUF,CB,DB,8,0.6725132669452423,0.39802729103251405,0.8313032952037974,0.918606501312813,0.6281622703735623,0.47077102914935165
52651,Chris Jackson,TEN,CB,DB,1,0.7775287887772578,0.7775287887772578,0.7775287887772578,0.9515,1.0,0.3810863663317734
52663,Tae Crowder,NYG,ILB,LB,7,0.81158611593924,0.7353064369836556,0.9204757933334501,0.9292464522322904,0.9574841053995344,0.5480277901858952
52665,Malcolm Roach,NO,DT,DL,1,0.9029897272626237,0.9029897272626237,0.9029897272626237,0.9515,1.0,0.7574691817878711
52697,James Pierre,PIT,CB,DB,1,0.8730755624923656,0.8730755624923656,0.8730755624923656,0.9515,1.0,0.6677266874770971
52706,Jonas Griffith,DEN,ILB,LB,15,0.757419758350793,0.47428128625539334,0.8921296871045433,0.9283304328557698,0.8118642511148497,0.5320645910817596
52743,Benito Jones,DET,DT,DL,1,0.582297843483781,0.582297843483781,0.582297843483781,0.8287199536541351,0.3998139963327141,0.5183595804644938
52792,Tershawn Wharton,KC,DT,DL,1,0.869061538593563,0.869061538593563,0.869061538593563,0.9515,1.0,0.6556846157806892
52797,Joe Bachie,CIN,OLB,LB,1,0.4337775096858733,0.4337775096858733,0.4337775096858733,0.8474099955584191,0.0,0.4539225334992007
52852,Myles Hartsfield,CAR,FS,DB,15,0.7583221381350655,0.4248273247292424,0.8908835464564389,0.941963177696615,0.7959433914747466,0.537059845233835
52863,Krys Barnes,GB,ILB,LB,2,0.8200419970296955,0.7880926783808643,0.8519913156785268,0.9076180709393312,0.9672514372418204,0.5852564829079352
52904,Elijah Riley,PIT,CB,DB,1,0.8201114838404365,0.8201114838404365,0.8201114838404365,0.9515,1.0,0.5088344515213099
52945,Jace Whittaker,ARI,CB,DB,3,0.6205613464511649,0.35826959669498093,0.7533355023810614,0.8289745914305177,0.5429807382609384,0.4897287096620386
52980,Juju Hughes,DET,FS,DB,7,0.6135156524169167,0.40299979843134365,0.8142171514733395,0.9092757074305373,0.45789439170184026,0.4733768581183727
52991,Myles Bryant,NE,CB,DB,6,0.8223587648538268,0.7721274413562362,0.877632340139546,0.9362715735862294,1.0,0.5308047209752508
53073,Teair Tart,TEN,DT,DL,2,0.8165109848209609,0.7791119560726784,0.8539100135692435,0.8453275365949016,1.0,0.6042054178679812
53437,Jaycee Horn,CAR,CB,DB,8,0.7457811404511814,0.4746703245958272,0.9000881452867778,0.9581654367774611,0.7520597908450407,0.5271181937310423
53438,Patrick Surtain,DEN,CB,DB,7,0.7586992324690814,0.28241117416866357,0.8967955114642048,0.8848508132700947,0.8610707063419201,0.5301761777952297
53441,Micah Parsons,DAL,OLB,LB,1,0.8809600135897915,0.8809600135897915,0.8809600135897915,0.981256617630089,1.0,0.6616234231392856
53445,Zaven Collins,ARI,OLB,LB,14,0.797514344665841,0.7313806087277218,0.8592265859336335,0.9110613413297705,0.9645425020471304,0.516939190620622
53447,Jaelan Phillips,MIA,OLB,LB,2,0.6633452937407904,0.5036407262952,0.823049861186381,0.956314801707306,0.5,0.5337210795150654
53448,Jamin Davis,WAS,OLB,LB,12,0.849086249108505,0.7841787392786598,0.9245928349168956,0.9380991294916585,1.0,0.6091596178338565
53450,Kwity Paye,IND,DE,DL,6,0.8247179583968864,0.5379914076638466,0.921178636384933,0.9427018273105429,0.8333333333333334,0.6981187145467834
53451,Caleb Farley,TEN,CB,DB,3,0.712124434097572,0.526420977088821,0.8140745941345505,0.9514999999999999,0.7275130349895126,0.4573602673032037
53455,Greg Newsome,CLE,CB,DB,8,0.7508687538273107,0.4566326014301336,0.9057604714090896,0.9562712670785877,0.687558600618065,0.6087763937852796
53457,Payton Turner,NO,DE,DL,3,0.8823575980992947,0.8522957381740409,0.9106360107414688,0.975163180146352,1.0,0.671909614151532
53458,Eric Stokes,GB,CB,DB,5,0.7603693034634383,0.43940997318418257,0.8831498166213185,0.9515,0.8,0.5296079103903149
53459,Gregory Rousseau,BUF,DE,DL,4,0.7690858775985521,0.5463358783677403,0.8487649815945595,0.9364845120720912,0.7921644609111425,0.5786086598124227
53460,Odafe Oweh,BAL,OLB,LB,2,0.7777777182588574,0.7437528309595737,0.8118026055581412,0.6860583379810692,1.0,0.6472748167955031
53461,Joe Tryon,TB,OLB,LB,3,0.7674691173116338,0.6638020432565567,0.8670275718162239,0.9666036662762654,0.759466099098615,0.576337586560021
53462,Tyson Campbell,JAX,CB,DB,9,0.8519858791981636,0.8038210869043424,0.9078443833944929,0.9344797025852208,1.0,0.6214779350092701
53465,Jevon Holland,MIA,FS,DB,13,0.6636303055064666,0.3834228575560507,0.8393450601662664,0.902994523785623,0.6082267438768395,0.4796696488569375
53467,Christian Barmore,NE,DT,DL,1,0.8333629548965575,0.8333629548965575,0.8333629548965575,0.9745770042117844,1.0,0.5255118604778881
53469,Richie Grant,ATL,SS,DB,23,0.719060460623896,0.3707344511389226,0.8936102362829074,0.9056624480032788,0.7049106387769128,0.5466082950914961
53472,Trevon Moehrig,LV,FS,DB,5,0.7769441024857539,0.6792952460599824,0.854303121811195,0.9567152067366462,0.8513562530632983,0.5227608476573169
53476,Asante Samuel,LAC,CB,DB,18,0.7751519803833016,0.48725603901384956,0.8887942336583814,0.9161185869212408,0.8545144010171734,0.5548229532114908
53481,Jeremiah Owusu-Koramoah,CLE,OLB,LB,10,0.7002868918695972,0.4354386628735096,0.922012376731599,0.8924467069117717,0.6668608838185998,0.5415530848784205
53483,Dayo Odeyingbo,IND,DE,DL,1,0.9064072515912608,0.9064072515912608,0.9064072515912608,0.9908177132290404,1.0,0.7284040415447417
53487,Nick Bolton,KC,ILB,LB,31,0.7709006565121127,0.4329190973698545,0.8889871267655863,0.9507700110350734,0.8182475990040168,0.543684359497248
53489,Pete Werner,NO,OLB,LB,24,0.7607666364642663,0.4623687948286772,0.9223359488986481,0.9559804055853557,0.7801522575698777,0.5461672462375654
53490,Carlos Basham,BUF,DE,DL,1,0.49544485727281967,0.49544485727281967,0.49544485727281967,0.9855697652824992,0.0,0.50076480653596
53494,Andre Cisco,JAX,SS,DB,13,0.600382224859048,0.3409891980592359,0.8305075707147497,0.9236851437243148,0.3945765498905036,0.4828849809623258
53498,Joseph Ossai,CIN,DE,DL,1,0.8685683245968999,0.8685683245968999,0.8685683245968999,0.9727681184900138,1.0,0.6329368553006864
53500,Aaron Robinson,NYG,CB,DB,4,0.705592612430413,0.4252062086015819,0.8767319675094948,0.8833817604833025,0.6770663762899689,0.5563297005179677
53501,Alim McNeill,DET,NT,DL,2,0.833738637595865,0.8162434052033857,0.8512338699883443,0.9687183677816278,1.0,0.5324975450059672
53502,Milton Williams,PHI,DT,DL,2,0.6539339110596992,0.4461964010130665,0.861671421106332,0.9515,0.5,0.5103017331790977
53503,Benjamin St-Juste,WAS,CB,DB,7,0.7162295737421062,0.31703461456468,0.8495697225735487,0.9165075211757526,0.7570900669394918,0.4750911331110741
53504,Osa Odighizuwa,DAL,DT,DL,7,0.7677958010184308,0.6062521419775022,0.8589614684362991,0.9352589888095961,0.8344230493333968,0.5337053649122995
53505,Paulson Adebo,NO,CB,DB,15,0.6949610192051189,0.44247718311648176,0.8553881143782629,0.914856664129559,0.6636758307611125,0.5063505627246853
53508,Malcolm Koonce,LV,DE,DL,1,0.7355535848094118,0.7355535848094118,0.7355535848094118,0.996376620570331,0.6261670298556568,0.5841171040022475
53509,Divine Deablo,LV,OLB,LB,18,0.7583257824998447,0.46526784575226304,0.8978277239441969,0.9484683989339661,0.7699547379365832,0.5565542106289848
53519,Patrick Jones,MIN,OLB,LB,2,0.8086899152800586,0.7939472303599916,0.8234326002001255,0.9662275642189613,1.0,0.45984218162121454
53531,Ambry Thomas,SF,CB,DB,1,0.6025635617455753,0.6025635617455753,0.6025635617455753,0.9515,0.3956889488480963,0.4605017363886298
53532,Ernest Jones,LA,ILB,LB,9,0.7939419360256921,0.5040554985224448,0.8889872780006458,0.914609123657957,0.9351192216484137,0.5320974627707054
53533,Brandon Stephens,BAL,FS,DB,6,0.783540800737358,0.5878463012606435,0.8437152695507306,0.9514999999999999,0.8891260126827901,0.5099963895292839
53534,Baron Browning,DEN,ILB,LB,2,0.6658680648178994,0.43747037920850396,0.8942657504272947,0.9347393507515875,0.5,0.5628648437021104
53535,Jay Tufele,CIN,DT,DL,1,0.8325966477033697,0.8325966477033697,0.8325966477033697,0.8174167254789855,1.0,0.6803732176311236
53537,Darren Hall,ATL,CB,DB,2,0.6608481003069626,0.4600597442920758,0.8616364563218495,0.9515,0.5,0.5310443009208878
53542,Derrick Barnes,DET,ILB,LB,2,0.8454758545684373,0.8268300286053162,0.8641216805315585,0.9730922114284922,1.0,0.5633353522768197
53547,Chris Rumph,LAC,OLB,LB,1,0.39205508044109694,0.39205508044109694,0.39205508044109694,0.9515,0.0,0.2246652413232908
53552,Zech McPhearson,PHI,CB,DB,1,0.857071437538845,0.857071437538845,0.857071437538845,0.9515,1.0,0.619714312616535
53554,Camryn Bynum,MIN,FS,DB,9,0.6914536310671157,0.36534512064365215,0.8554987014526901,0.9218944240197201,0.6619390093796232,0.49052745980200385
53559,Robert Rochell,LA,CB,DB,1,0.4238782886431027,0.4238782886431027,0.4238782886431027,0.7747231987952956,0.0,0.4969116671340123
53561,Tommy Togiai,CLE,DT,DL,2,0.8805939900593581,0.8625650620476873,0.8986229180710289,0.9515,1.0,0.6902819701780744
53565,Marco Wilson,ARI,CB,DB,11,0.7169828678712112,0.4322550525341209,0.9153770004094004,0.9463204564612375,0.7272727272727273,0.477355419879669
53575,Jamien Sherwood,NYJ,ILB,LB,2,0.9089350446398523,0.8985668096781757,0.9193032796015289,0.9797194424979889,1.0,0.747085691421568
53577,Ta'Quon Graham,ATL,DE,DL,5,0.8320321427796552,0.7987133858361092,0.8739424280361671,0.9451259080598498,1.0,0.5509705202791162
53581,Caden Sterns,DEN,FS,DB,3,0.701821121797077,0.556463060342157,0.779677664414959,0.9634324628523556,0.7807218124319957,0.36130909010687934
53583,Michael Carter,NYJ,CB,DB,7,0.7626539325757535,0.4932857595066198,0.8858575517446163,0.9367625636636943,0.7584187831614645,0.5927804509021017
53585,Isaiahh Loudermilk,PIT,DE,DL,1,0.4992739994779756,0.4992739994779756,0.4992739994779756,0.9515,0.0,0.5463219984339269
53592,Darrick Forrest,WAS,SS,DB,11,0.7180776348234028,0.4702778315604628,0.8524324947198288,0.9115492543210686,0.74178406777379,0.5008995823753498
53595,Keith Taylor,CAR,CB,DB,4,0.6516319793551061,0.5077778921507908,0.8292734682247511,0.873920963289399,0.5417561424762195,0.5392188322996998
53596,Nate Hobbs,LV,CB,DB,13,0.6957142760316278,0.306743949578309,0.8697392801013702,0.8464874724643353,0.7110131530741038,0.5296422025564442
53599,Garret Wallow,HOU,OLB,LB,2,0.6197949402960384,0.41537803883278485,0.824211841759292,0.8911190572155145,0.44656499173859787,0.5217007719340028
53601,Deommodore Lenoir,SF,CB,DB,3,0.839882008827228,0.7798093117185666,0.8727568263927915,0.9514999999999999,1.0,0.5681460264816836
53602,Tedarrell Slaton,GB,DT,DL,2,0.7335427389945949,0.638642146102815,0.8284433318863748,0.8244624463519317,0.848330541439936,0.527835229191917
53609,Talanoa Hufanga,SF,SS,DB,13,0.6383982169791032,0.39318195965851926,0.8785846277843202,0.908095954509683,0.4784820831560261,0.5286166132716006
53611,Adetokunbo Ogundeji,ATL,OLB,LB,1,0.4658890026228486,0.4658890026228486,0.4658890026228486,0.9924913407437436,0.0,0.4051756671248023
53618,Marlon Tuipulotu,PHI,DT,DL,1,0.4160458197532075,0.4160458197532075,0.4160458197532075,0.9494250243528248,0.0,0.2987124349067976
53621,Quinton Bohanna,DAL,DT,DL,1,0.5473778242216626,0.5473778242216626,0.5473778242216626,0.9515,0.0405158061089335,0.6501176665560544
53624,Roy Lopez,HOU,DT,DL,1,0.8720690711766137,0.8720690711766137,0.8720690711766137,0.8502996507011338,1.0,0.7659075628287073
53639,Victor Dimukeje,ARI,OLB,LB,1,0.7227221747792463,0.7227221747792463,0.7227221747792463,0.6831921140905696,1.0,0.4849744102471695
53641,Damar Hamlin,BUF,SS,DB,16,0.7458202598211932,0.40977325021889605,0.9024477457699485,0.9297460315996641,0.7794168735707006,0.5282978742932151
53642,Rachad Wildgoose,WAS,CB,DB,2,0.8637270091584484,0.8498960551170173,0.8775579631998793,0.9054861572580383,1.0,0.6856948702173064
53649,Isaiah McDuffie,GB,ILB,LB,1,0.8641220672225259,0.8641220672225259,0.8641220672225259,0.9561677344395828,1.0,0.6361984672279953
53656,Israel Mukuamu,DAL,SS,DB,4,0.6428386124887462,0.43834549364943975,0.833434781790411,0.9513461022355815,0.5,0.477169735230657
53661,Phil Hoskins,CAR,DT,DL,1,0.7451647076019282,0.7451647076019282,0.7451647076019282,0.9515,1.0,0.2839941228057849
53668,Jonathon Cooper,DEN,OLB,LB,2,0.8658713249319191,0.8492312663707781,0.8825113834930601,0.9515,1.0,0.6461139747957574
53674,Tre Norwood,PIT,FS,DB,10,0.7006183817865569,0.49874295887125725,0.8554411324889749,0.9256090821373203,0.6348692258183407,0.5413768374040099
53675,Shaka Toney,WAS,DE,DL,1,0.8792420037555703,0.8792420037555703,0.8792420037555703,0.962704515324023,1.0,0.6750214959426879
53712,Michael Dwumfour,HOU,DT,DL,1,0.765142075668547,0.765142075668547,0.765142075668547,0.8373099250608418,1.0,0.4581163019447989
53894,Marvin Wilson,PHI,DT,DL,1,0.42628567908710124,0.42628567908710124,0.42628567908710124,0.9515,0.0,0.3273570372613037
53900,Naquan Jones,TEN,DT,DL,1,0.6706875118801999,0.6706875118801999,0.6706875118801999,0.9916960998595528,0.6393465529551176,0.3810198828259296
53953,Jerry Jacobs,DET,CB,DB,1,0.46422098042806925,0.46422098042806925,0.46422098042806925,0.9515,0.0,0.4411629412842078
53957,A.J. Parker,DET,CB,DB,1,0.5204690004649412,0.5204690004649412,0.5204690004649412,0.991521982514504,0.0,0.5698850188803196
54466,Travon Walker,JAX,OLB,LB,4,0.6956689206412368,0.34747028144623426,0.8288255584037421,0.9365709517911718,0.6831245579917353,0.46731125214080305
54467,Aidan Hutchinson,DET,DE,DL,2,0.8605572862137869,0.8592852674351951,0.8618293049923788,0.9685463340010039,1.0,0.6131255246403569
54468,Derek Stingley,HOU,CB,DB,10,0.7614184928016129,0.4439940776354105,0.8813598880237111,0.9097352756321534,0.8416226741470876,0.5328975286255975
54469,Ahmad Gardner,NYJ,CB,DB,10,0.6681933896334586,0.44057769666244734,0.8497181099993122,0.9449067775332004,0.5772601305430616,0.48241326082411395
54470,Kayvon Thibodeaux,NYG,OLB,LB,1,0.8255541822692255,0.8255541822692255,0.8255541822692255,0.9515,1.0,0.5251625468076764
54478,Jordan Davis,PHI,DT,DL,3,0.85040488843283,0.831085583374772,0.8758529197672186,0.9486127388001727,0.963486046572672,0.6391158799256454
54479,Kyle Hamilton,BAL,FS,DB,9,0.7971782614066161,0.451167942380289,0.8985200245850763,0.9585535764116909,0.8651612279089582,0.5678199798991994
54486,Trent McDuffie,KC,CB,DB,1,0.8018182994065942,0.8018182994065942,0.8018182994065942,0.9515,1.0,0.4539548982197827
54487,Quay Walker,GB,ILB,LB,10,0.7416241758242941,0.41980743538090576,0.8611821071335406,0.919923840533496,0.8,0.5049486869393861
54488,Kaiir Elam,BUF,CB,DB,7,0.7860972935375168,0.6418364764787182,0.8580180019865019,0.9513240624455456,0.9233271440156573,0.48364067415134737
54491,Jermaine Johnson,NYJ,DE,DL,3,0.7883704126712986,0.723700812246911,0.8736315669220299,0.8992198127688645,0.9525786459326904,0.513312779312341
54492,Devin Lloyd,JAX,ILB,LB,9,0.7248678145711644,0.4530814738366467,0.8490222891323856,0.9457269583467465,0.7141510442587922,0.5147254411079548
54495,George Karlaftis,KC,DE,DL,2,0.8293625298189753,0.7875092152543259,0.8712158443836248,0.9708206312085326,1.0,0.5172669582483934
54496,Dax Hill,CIN,FS,DB,1,0.8159409825911549,0.8159409825911549,0.8159409825911549,0.9515,1.0,0.4963229477734645
54498,Logan Hall,TB,DE,DL,3,0.7957307741432643,0.7680439954264875,0.8375375198631133,0.9707674223054332,0.9227549865476927,0.49366991357666706
54500,Roger McCreary,TEN,CB,DB,22,0.7866859429543137,0.45904511171254675,0.9252591277158156,0.9372195348525975,0.8623636099973123,0.560474684013031
54502,Jalen Pitre,HOU,FS,DB,19,0.7081807921396224,0.446290741477021,0.8755175306079029,0.9374506897422713,0.6960887850995352,0.4910029015770606
54503,Arnold Ebiketie,ATL,OLB,LB,2,0.7793494303193317,0.7765664238436735,0.7821324367949899,0.9458763625565483,1.0,0.3921719284014467
54504,Kyler Gordon,CHI,CB,DB,19,0.7440876899894132,0.3386160390230247,0.8767877020460034,0.9165494418806538,0.7496717524751613,0.5660418756124246
54505,Boye Mafe,SEA,OLB,LB,3,0.8293916225295819,0.7974248316119001,0.8543250634916473,0.9514999999999999,1.0,0.5366748675887455
54513,Jaquan Brisker,CHI,SS,DB,10,0.7343818378944568,0.4244868311726706,0.905445159840576,0.9182889278106497,0.7243125717938057,0.5605440140789149
54514,Alontae Taylor,NO,CB,DB,6,0.7287775789232693,0.252855598833131,0.890362568077742,0.8547376180755534,0.8205689162428728,0.511026202451382
54521,Sam Williams,DAL,DE,DL,2,0.8858331588846561,0.8760902284213884,0.8955760893479238,0.9877772507034976,1.0,0.6697222259504707
54523,Troy Andersen,ATL,ILB,LB,8,0.7068340099532678,0.42090223808656035,0.8677757910956699,0.9524184197219293,0.676656079654423,0.49142753048345117
54525,Cam Taylor-Britt,CIN,CB,DB,5,0.751481020819866,0.5005118874425797,0.8376729559602539,0.9480491798450575,0.8,0.5063938826145404
54526,Drake Jackson,SF,DE,DL,1,0.8079771100002402,0.8079771100002402,0.8079771100002402,0.9515,1.0,0.4724313300007206
54527,Bryan Cook,KC,SS,DB,5,0.690709623925417,0.48152668827347694,0.8469598116862956,0.9528208190723892,0.5956051084528522,0.5237029442510097
54529,Nik Bonitto,DEN,OLB,LB,1,0.8566256937065327,0.8566256937065327,0.8566256937065327,0.9827671119197186,1.0,0.5871099691998796
54531,Brian Asamoah,MIN,ILB,LB,1,0.8818002029943718,0.8818002029943718,0.8818002029943718,0.9640181788719334,1.0,0.681382430111182
54533,Martin Emerson,CLE,CB,DB,13,0.6351437985794056,0.4537079672266744,0.8793640228364804,0.9494629840492745,0.411230941790337,0.5447374698986052
54540,Christian Harris,HOU,ILB,LB,4,0.7818616277948605,0.47934761632554057,0.9438900187757353,0.9770546831990902,0.75,0.6185302001854911
54543,Alex Wright,CLE,DE,DL,3,0.7072703932084599,0.5532550294633349,0.8805624908345239,0.9764198797056949,0.48534340353169286,0.6600478963879918
54546,Cordale Flott,NYG,CB,DB,2,0.8395288663065,0.8068114037522701,0.87224632886073,0.9630104685152734,1.0,0.5555761304042268
54547,DeAngelo Malone,ATL,OLB,LB,1,0.7700418408696722,0.7700418408696722,0.7700418408696722,0.9471845184462468,1.0,0.3629410041627701
54550,Marcus Jones,NE,CB,DB,1,0.8255551638435036,0.8255551638435036,0.8255551638435036,0.9515,1.0,0.5251654915305107
54554,Terrel Bernard,BUF,OLB,LB,1,0.6248191118076502,0.6248191118076502,0.6248191118076502,0.9515,0.3016696676795934,0.6212876677433572
54560,Zach Carter,CIN,DT,DL,2,0.8404173895949658,0.7986264256375678,0.8822083535523637,0.9877662511984203,0.9432898599868719,0.5901960575996049
54561,Nick Cross,IND,SS,DB,3,0.8146596996800053,0.7035642519176081,0.8799158564385179,0.8457485684242121,0.9934800102661292,0.6047505203496739
54562,Kerby Joseph,DET,SS,DB,10,0.6930669376980609,0.4656739462419657,0.8982948965627297,0.95192360649066,0.5889051133648244,0.5383720932386984
54568,Leo Chenal,KC,OLB,LB,4,0.7557630571078908,0.4706634229810107,0.8617138685313653,0.9772906373887685,0.75,0.5399985339349042
54573,Perrion Winfrey,CLE,DT,DL,1,0.9300266529075986,0.9300266529075986,0.9300266529075986,0.9535697958254972,1.0,0.8365101628972986
54574,Coby Bryant,SEA,CB,DB,12,0.7542550634774224,0.49094464358831064,0.8505513712843049,0.952529878931727,0.8290952964560884,0.4811400150444516
54579,Dane Belton,NYG,FS,DB,4,0.7129569416775727,0.4802978757060437,0.8090552234348484,0.9609434534537489,0.66800147018836,0.5099259013906096
54580,Damarri Mathis,DEN,CB,DB,14,0.7342531109117286,0.33212196547015316,0.9026443321690024,0.9057774227822503,0.7451755366732715,0.5518063732796642
54582,Micheal Clemons,NYJ,DE,DL,3,0.7343864036513738,0.41214539516181486,0.9083858999470115,0.9689600135168447,0.6666666666666666,0.5675325307706098
54583,Akayleb Evans,MIN,CB,DB,3,0.7225975725382868,0.6137252509693538,0.8214639114333946,0.8524644303662553,0.8160064165343207,0.4993218707142845
54584,Jalyn Armour-Davis,BAL,CB,DB,1,0.8661501347344854,0.8661501347344854,0.8661501347344854,0.9515,1.0,0.646950404203456
54586,Jack Jones,NE,CB,DB,4,0.6064683799097015,0.3640076933110006,0.8270513797832737,0.8578407740731078,0.5,0.4615643656559969
54600,Joshua Williams,KC,CB,DB,6,0.7847909460871074,0.6262515525017335,0.8533388685567624,0.8588759499070497,0.9327787203263682,0.5627181680279044
54606,Damarion Williams,BAL,CB,DB,6,0.733014788063045,0.488474716037089,0.8920641607999086,0.9331814854487327,0.7142577659295503,0.5516051128108522
54611,Micah McFadden,NYG,ILB,LB,1,0.5449270180610607,0.5449270180610607,0.5449270180610607,0.8175133854819706,0.3236713828100331,0.4935962858911783
54618,Tariq Woolen,SEA,CB,DB,11,0.7064337464616748,0.46918361879316883,0.8427309743012391,0.8933577470142176,0.6788361308976405,0.5471073614731664
54622,Zyon McCollum,TB,CB,DB,3,0.7140737773685558,0.47920683164684874,0.8427570461584116,0.9514999999999999,0.6834183717744094,0.5073029603312583
54625,Otito Ogbonnia,LAC,DT,DL,3,0.7328872347893588,0.4886910647641722,0.8768878946838351,0.9462675578099788,0.6666666666666666,0.585727479891431
54632,Daron Bland,DAL,CB,DB,3,0.7875526807237767,0.7003762403446169,0.8407396064559601,0.9514999999999999,0.8378014312576291,0.5733566109137007
54643,John Ridgeway,WAS,DT,DL,1,0.8686928990117194,0.8686928990117194,0.8686928990117194,0.9302052025994216,1.0,0.6758734944357364
54644,Kingsley Enagbare,GB,OLB,LB,3,0.8402466923059523,0.8215232116818857,0.8571754003694173,0.9896737636014584,1.0,0.5310663133163988
54650,Christian Benford,BUF,CB,DB,3,0.7992558089022581,0.6858861022906714,0.8964437404684708,0.9420967992899675,0.8992915062657723,0.5563791211510344
54653,Malcolm Rodriguez,DET,ILB,LB,8,0.8055174856464029,0.7537875149532326,0.8717970877935933,0.9596792841161671,0.9586057490346238,0.49826742378841765
54654,Amare Barno,CAR,OLB,LB,1,0.3666503433626463,0.3666503433626463,0.3666503433626463,0.8824232627837898,0.0,0.2175277673041491
54671,Matt Henningsen,DEN,DE,DL,1,0.8237623437501084,0.8237623437501084,0.8237623437501084,0.9855763758292576,1.0,0.4857106554210677
54677,Derion Kendrick,LA,CB,DB,10,0.7194311852223549,0.46619587874277624,0.9081248705329701,0.9402297530040151,0.6933754489232297,0.5246883537398201
54687,Montaric Brown,JAX,CB,DB,1,0.8177796899690707,0.8177796899690707,0.8177796899690707,0.9515,1.0,0.5018390699072122
54696,Baylon Spector,BUF,OLB,LB,2,0.8277849674363844,0.8271263010886187,0.8284436337841502,0.9736200448275888,1.0,0.5097348574815648
54704,Rodney Thomas,IND,FS,DB,8,0.625499829182755,0.3702736499664887,0.8595301974890068,0.8852412523436558,0.4604648098799559,0.5307934253246532
54708,Jaylen Watson,KC,CB,DB,10,0.7793471224158507,0.45740652895685113,0.8841253103339577,0.9225615430353533,0.9,0.515479824212199
54733,Donovan Jeter,WAS,NT,DL,1,0.5056852880532393,0.5056852880532393,0.5056852880532393,0.9515,0.0,0.5655558641597178
54778,Jaylon Jones,CHI,CB,DB,1,0.7890735777472387,0.7890735777472387,0.7890735777472387,0.9515,1.0,0.4157207332417164
54781,Jack Sanborn,CHI,ILB,LB,4,0.7242881036060975,0.4814634983202278,0.8997963713021804,0.9686423521018749,0.6825061794216795,0.5217157792947384
54827,Joshua Onujiogu,SEA,DE,DL,1,0.8116297805095661,0.8116297805095661,0.8116297805095661,0.8651594849848269,1.0,0.5697298565438716
54936,Kader Kohou,MIA,CB,DB,14,0.6936327723861505,0.28666035203869716,0.8773532121223914,0.8921414648394173,0.6352438673673051,0.5535129849517292
54937,Verone McKinley,MIA,SS,DB,1,0.8175925498335744,0.8175925498335744,0.8175925498335744,0.9515,1.0,0.5012776495007232
54948,Marquan McCall,CAR,NT,DL,2,0.6857841347671751,0.5059764100975649,0.8655918594367854,0.9731519761929497,0.5,0.5842004281085759
54949,Arron Mosby,CAR,OLB,LB,1,0.8078447243735779,0.8078447243735779,0.8078447243735779,0.9515,1.0,0.4720341731207338
55032,Tomon Fox,NYG,OLB,LB,1,0.8798619046526652,0.8798619046526652,0.8798619046526652,0.998258116739208,1.0,0.6413275972187878
55045,Kurt Hinish,HOU,DT,DL,1,0.9101014077431606,0.9101014077431606,0.9101014077431606,0.9515,1.0,0.7788042232294818
55149,Markquese Bell,DAL,FS,DB,1,0.7092940084827303,0.7092940084827303,0.7092940084827303,0.9983232356061842,0.631762193937826,0.4977965959041805
55181,Tre Avery,TEN,CB,DB,1,0.7978389572524028,0.7978389572524028,0.7978389572524028,0.8308067926974978,1.0,0.5627100790597109
55190,Sam Okuayinonu,TEN,DE,DL,1,0.5919350440209886,0.5919350440209886,0.5919350440209886,0.4687780377520438,0.8646005839551049,0.4424265103558172
55200,Ryder Anderson,NYG,DT,DL,1,0.7461845012675233,0.7461845012675233,0.7461845012675233,0.776451334712606,1.0,0.4621021690899641
